product_external_id,category,on_hand_qty,reserved_qty,available_qty,inventory_value,days_without_movement,abc_class,last_movement_date
PRD-00001,Disjuntores,36,1,35,354.60,4,A,2026-07-06
PRD-00002,Tomadas e Interruptores,37,2,35,395.90,5,A,2026-07-05
PRD-00003,Iluminacao LED,38,3,35,438.90,6,A,2026-07-04
PRD-00004,Conexoes PVC,39,4,35,483.60,7,A,2026-07-03
PRD-00005,Tubos e Eletrodutos,40,5,35,530.00,8,A,2026-07-02
PRD-00006,Bombas Hidraulicas,41,6,35,578.10,9,A,2026-07-01
PRD-00007,Ferramentas,42,7,35,627.90,10,A,2026-06-30
PRD-00008,Fixacao,43,8,35,679.40,11,A,2026-06-29
PRD-00009,Painel Eletrico,44,9,35,732.60,12,A,2026-06-28
PRD-00010,Valvulas,45,10,35,787.50,13,A,2026-06-27
PRD-00011,Acessorios Hidraulicos,46,0,46,844.10,14,A,2026-06-26
PRD-00012,Cabos e Fios,47,1,46,902.40,15,A,2026-06-25
PRD-00013,Disjuntores,48,2,46,962.40,16,A,2026-06-24
PRD-00014,Tomadas e Interruptores,49,3,46,1024.10,17,A,2026-06-23
PRD-00015,Iluminacao LED,50,4,46,1087.50,18,A,2026-06-22
PRD-00016,Conexoes PVC,51,5,46,1152.60,19,A,2026-06-21
PRD-00017,Tubos e Eletrodutos,52,6,46,1219.40,20,A,2026-06-20
PRD-00018,Bombas Hidraulicas,53,7,46,1287.90,21,A,2026-06-19
PRD-00019,Ferramentas,54,8,46,1358.10,22,A,2026-06-18
PRD-00020,Fixacao,55,9,46,1430.00,23,A,2026-06-17
PRD-00021,Painel Eletrico,56,10,46,1503.60,24,A,2026-06-16
PRD-00022,Valvulas,57,0,57,1578.90,25,A,2026-06-15
PRD-00023,Acessorios Hidraulicos,58,1,57,1655.90,26,A,2026-06-14
PRD-00024,Cabos e Fios,59,2,57,1734.60,27,A,2026-06-13
PRD-00025,Disjuntores,60,3,57,1815.00,28,A,2026-06-12
PRD-00026,Tomadas e Interruptores,61,4,57,1897.10,29,A,2026-06-11
PRD-00027,Iluminacao LED,62,5,57,1980.90,30,A,2026-06-10
PRD-00028,Conexoes PVC,63,6,57,2066.40,31,A,2026-06-09
PRD-00029,Tubos e Eletrodutos,64,7,57,2153.60,32,A,2026-06-08
PRD-00030,Bombas Hidraulicas,65,8,57,2242.50,33,A,2026-06-07
PRD-00031,Ferramentas,66,9,57,2333.10,34,A,2026-06-06
PRD-00032,Fixacao,67,10,57,2425.40,35,A,2026-06-05
PRD-00033,Painel Eletrico,68,0,68,2519.40,36,A,2026-06-04
PRD-00034,Valvulas,69,1,68,2615.10,37,A,2026-06-03
PRD-00035,Acessorios Hidraulicos,70,2,68,2712.50,3,A,2026-07-07
PRD-00036,Cabos e Fios,71,3,68,2811.60,4,A,2026-07-06
PRD-00037,Disjuntores,72,4,68,2912.40,5,A,2026-07-05
PRD-00038,Tomadas e Interruptores,73,5,68,3014.90,6,A,2026-07-04
PRD-00039,Iluminacao LED,74,6,68,3119.10,7,A,2026-07-03
PRD-00040,Conexoes PVC,75,7,68,3225.00,8,A,2026-07-02
PRD-00041,Tubos e Eletrodutos,76,8,68,3332.60,9,A,2026-07-01
PRD-00042,Bombas Hidraulicas,77,9,68,3441.90,10,A,2026-06-30
PRD-00043,Ferramentas,78,10,68,3552.90,11,A,2026-06-29
PRD-00044,Fixacao,79,0,79,3665.60,12,A,2026-06-28
PRD-00045,Painel Eletrico,80,1,79,3780.00,13,A,2026-06-27
PRD-00046,Valvulas,81,2,79,3896.10,14,A,2026-06-26
PRD-00047,Acessorios Hidraulicos,82,3,79,4013.90,15,A,2026-06-25
PRD-00048,Cabos e Fios,83,4,79,4133.40,16,A,2026-06-24
PRD-00049,Disjuntores,84,5,79,4254.60,17,A,2026-06-23
PRD-00050,Tomadas e Interruptores,85,6,79,4377.50,18,A,2026-06-22
PRD-00051,Iluminacao LED,86,7,79,4502.10,19,A,2026-06-21
PRD-00052,Conexoes PVC,87,8,79,4628.40,20,A,2026-06-20
PRD-00053,Tubos e Eletrodutos,88,9,79,4756.40,21,A,2026-06-19
PRD-00054,Bombas Hidraulicas,89,10,79,4886.10,22,A,2026-06-18
PRD-00055,Ferramentas,90,0,90,5017.50,23,A,2026-06-17
PRD-00056,Fixacao,91,1,90,5150.60,24,A,2026-06-16
PRD-00057,Painel Eletrico,92,2,90,5285.40,25,A,2026-06-15
PRD-00058,Valvulas,93,3,90,5421.90,26,A,2026-06-14
PRD-00059,Acessorios Hidraulicos,94,4,90,5560.10,27,A,2026-06-13
PRD-00060,Cabos e Fios,95,5,90,5700.00,28,A,2026-06-12
PRD-00061,Disjuntores,96,6,90,5841.60,29,A,2026-06-11
PRD-00062,Tomadas e Interruptores,97,7,90,5984.90,30,A,2026-06-10
PRD-00063,Iluminacao LED,98,8,90,6129.90,31,A,2026-06-09
PRD-00064,Conexoes PVC,99,9,90,6276.60,32,A,2026-06-08
PRD-00065,Tubos e Eletrodutos,100,10,90,6425.00,33,A,2026-06-07
PRD-00066,Bombas Hidraulicas,101,0,101,6575.10,34,A,2026-06-06
PRD-00067,Ferramentas,102,1,101,6726.90,35,A,2026-06-05
PRD-00068,Fixacao,103,2,101,6880.40,36,A,2026-06-04
PRD-00069,Painel Eletrico,104,3,101,7035.60,37,A,2026-06-03
PRD-00070,Valvulas,105,4,101,945.00,3,A,2026-07-07
PRD-00071,Acessorios Hidraulicos,106,5,101,1044.10,4,A,2026-07-06
PRD-00072,Cabos e Fios,107,6,101,1144.90,5,A,2026-07-05
PRD-00073,Disjuntores,108,7,101,1247.40,6,A,2026-07-04
PRD-00074,Tomadas e Interruptores,109,8,101,1351.60,7,A,2026-07-03
PRD-00075,Iluminacao LED,110,9,101,1457.50,8,A,2026-07-02
PRD-00076,Conexoes PVC,111,10,101,1565.10,9,A,2026-07-01
PRD-00077,Tubos e Eletrodutos,112,0,112,1674.40,10,A,2026-06-30
PRD-00078,Bombas Hidraulicas,113,1,112,1785.40,11,A,2026-06-29
PRD-00079,Ferramentas,114,2,112,1898.10,12,A,2026-06-28
PRD-00080,Fixacao,115,3,112,2012.50,13,A,2026-06-27
PRD-00081,Painel Eletrico,116,4,112,2128.60,14,A,2026-06-26
PRD-00082,Valvulas,117,5,112,2246.40,15,A,2026-06-25
PRD-00083,Acessorios Hidraulicos,118,6,112,2365.90,16,A,2026-06-24
PRD-00084,Cabos e Fios,119,7,112,2487.10,17,A,2026-06-23
PRD-00085,Disjuntores,120,8,112,2610.00,18,A,2026-06-22
PRD-00086,Tomadas e Interruptores,121,9,112,2734.60,19,A,2026-06-21
PRD-00087,Iluminacao LED,122,10,112,2860.90,20,A,2026-06-20
PRD-00088,Conexoes PVC,123,0,123,2988.90,21,A,2026-06-19
PRD-00089,Tubos e Eletrodutos,124,1,123,3118.60,22,A,2026-06-18
PRD-00090,Bombas Hidraulicas,125,2,123,3250.00,23,A,2026-06-17
PRD-00091,Ferramentas,126,3,123,3383.10,24,A,2026-06-16
PRD-00092,Fixacao,127,4,123,3517.90,25,A,2026-06-15
PRD-00093,Painel Eletrico,128,5,123,3654.40,26,A,2026-06-14
PRD-00094,Valvulas,129,6,123,3792.60,27,A,2026-06-13
PRD-00095,Acessorios Hidraulicos,130,7,123,3932.50,28,A,2026-06-12
PRD-00096,Cabos e Fios,131,8,123,4074.10,29,A,2026-06-11
PRD-00097,Disjuntores,132,9,123,4217.40,30,A,2026-06-10
PRD-00098,Tomadas e Interruptores,133,10,123,4362.40,31,A,2026-06-09
PRD-00099,Iluminacao LED,134,0,134,4509.10,32,A,2026-06-08
PRD-00100,Conexoes PVC,135,1,134,4657.50,33,A,2026-06-07
PRD-00101,Tubos e Eletrodutos,136,2,134,4807.60,34,A,2026-06-06
PRD-00102,Bombas Hidraulicas,137,3,134,4959.40,35,A,2026-06-05
PRD-00103,Ferramentas,138,4,134,5112.90,36,A,2026-06-04
PRD-00104,Fixacao,139,5,134,5268.10,37,A,2026-06-03
PRD-00105,Painel Eletrico,140,6,134,5425.00,3,A,2026-07-07
PRD-00106,Valvulas,141,7,134,5583.60,4,A,2026-07-06
PRD-00107,Acessorios Hidraulicos,142,8,134,5743.90,5,A,2026-07-05
PRD-00108,Cabos e Fios,143,9,134,5905.90,6,A,2026-07-04
PRD-00109,Disjuntores,144,10,134,6069.60,7,A,2026-07-03
PRD-00110,Tomadas e Interruptores,145,0,145,6235.00,8,A,2026-07-02
PRD-00111,Iluminacao LED,146,1,145,6402.10,9,A,2026-07-01
PRD-00112,Conexoes PVC,147,2,145,6570.90,10,A,2026-06-30
PRD-00113,Tubos e Eletrodutos,148,3,145,6741.40,11,A,2026-06-29
PRD-00114,Bombas Hidraulicas,149,4,145,6913.60,12,A,2026-06-28
PRD-00115,Ferramentas,150,5,145,7087.50,13,A,2026-06-27
PRD-00116,Fixacao,151,6,145,7263.10,14,A,2026-06-26
PRD-00117,Painel Eletrico,152,7,145,7440.40,15,A,2026-06-25
PRD-00118,Valvulas,153,8,145,7619.40,16,A,2026-06-24
PRD-00119,Acessorios Hidraulicos,154,9,145,7800.10,17,A,2026-06-23
PRD-00120,Cabos e Fios,155,10,145,7982.50,18,A,2026-06-22
PRD-00121,Disjuntores,156,0,156,8166.60,19,A,2026-06-21
PRD-00122,Tomadas e Interruptores,157,1,156,8352.40,20,A,2026-06-20
PRD-00123,Iluminacao LED,158,2,156,8539.90,21,A,2026-06-19
PRD-00124,Conexoes PVC,159,3,156,8729.10,22,A,2026-06-18
PRD-00125,Tubos e Eletrodutos,160,4,156,8920.00,23,A,2026-06-17
PRD-00126,Bombas Hidraulicas,161,5,156,9112.60,24,A,2026-06-16
PRD-00127,Ferramentas,162,6,156,9306.90,25,A,2026-06-15
PRD-00128,Fixacao,163,7,156,9502.90,26,A,2026-06-14
PRD-00129,Painel Eletrico,164,8,156,9700.60,27,A,2026-06-13
PRD-00130,Valvulas,165,9,156,9900.00,28,A,2026-06-12
PRD-00131,Acessorios Hidraulicos,166,10,156,10101.10,29,A,2026-06-11
PRD-00132,Cabos e Fios,167,0,167,10303.90,30,A,2026-06-10
PRD-00133,Disjuntores,168,1,167,10508.40,31,A,2026-06-09
PRD-00134,Tomadas e Interruptores,169,2,167,10714.60,32,A,2026-06-08
PRD-00135,Iluminacao LED,170,3,167,10922.50,33,A,2026-06-07
PRD-00136,Conexoes PVC,171,4,167,11132.10,34,A,2026-06-06
PRD-00137,Tubos e Eletrodutos,172,5,167,11343.40,35,A,2026-06-05
PRD-00138,Bombas Hidraulicas,173,6,167,11556.40,36,A,2026-06-04
PRD-00139,Ferramentas,174,7,167,11771.10,37,A,2026-06-03
PRD-00140,Fixacao,175,8,167,1575.00,3,A,2026-07-07
PRD-00141,Painel Eletrico,176,9,167,1733.60,4,A,2026-07-06
PRD-00142,Valvulas,177,10,167,1893.90,5,A,2026-07-05
PRD-00143,Acessorios Hidraulicos,178,0,178,2055.90,6,A,2026-07-04
PRD-00144,Cabos e Fios,179,1,178,2219.60,7,A,2026-07-03
PRD-00145,Disjuntores,180,2,178,2385.00,8,A,2026-07-02
PRD-00146,Tomadas e Interruptores,181,3,178,2552.10,9,A,2026-07-01
PRD-00147,Iluminacao LED,182,4,178,2720.90,10,A,2026-06-30
PRD-00148,Conexoes PVC,183,5,178,2891.40,11,A,2026-06-29
PRD-00149,Tubos e Eletrodutos,184,6,178,3063.60,12,A,2026-06-28
PRD-00150,Bombas Hidraulicas,185,7,178,3237.50,13,A,2026-06-27
PRD-00151,Ferramentas,186,8,178,3413.10,14,A,2026-06-26
PRD-00152,Fixacao,187,9,178,3590.40,15,A,2026-06-25
PRD-00153,Painel Eletrico,188,10,178,3769.40,16,A,2026-06-24
PRD-00154,Valvulas,189,0,189,3950.10,17,A,2026-06-23
PRD-00155,Acessorios Hidraulicos,190,1,189,4132.50,18,A,2026-06-22
PRD-00156,Cabos e Fios,191,2,189,4316.60,19,A,2026-06-21
PRD-00157,Disjuntores,192,3,189,4502.40,20,A,2026-06-20
PRD-00158,Tomadas e Interruptores,193,4,189,4689.90,21,A,2026-06-19
PRD-00159,Iluminacao LED,194,5,189,4879.10,22,A,2026-06-18
PRD-00160,Conexoes PVC,195,6,189,5070.00,23,A,2026-06-17
PRD-00161,Tubos e Eletrodutos,196,7,189,5262.60,24,A,2026-06-16
PRD-00162,Bombas Hidraulicas,197,8,189,5456.90,25,A,2026-06-15
PRD-00163,Ferramentas,198,9,189,5652.90,26,A,2026-06-14
PRD-00164,Fixacao,199,10,189,5850.60,27,A,2026-06-13
PRD-00165,Painel Eletrico,200,0,200,6050.00,28,A,2026-06-12
PRD-00166,Valvulas,201,1,200,6251.10,29,A,2026-06-11
PRD-00167,Acessorios Hidraulicos,202,2,200,6453.90,30,A,2026-06-10
PRD-00168,Cabos e Fios,203,3,200,6658.40,31,A,2026-06-09
PRD-00169,Disjuntores,204,4,200,6864.60,32,A,2026-06-08
PRD-00170,Tomadas e Interruptores,205,5,200,7072.50,33,A,2026-06-07
PRD-00171,Iluminacao LED,206,6,200,7282.10,34,A,2026-06-06
PRD-00172,Conexoes PVC,207,7,200,7493.40,35,A,2026-06-05
PRD-00173,Tubos e Eletrodutos,208,8,200,7706.40,36,A,2026-06-04
PRD-00174,Bombas Hidraulicas,209,9,200,7921.10,37,A,2026-06-03
PRD-00175,Ferramentas,210,10,200,8137.50,3,A,2026-07-07
PRD-00176,Fixacao,211,0,211,8355.60,4,A,2026-07-06
PRD-00177,Painel Eletrico,212,1,211,8575.40,5,A,2026-07-05
PRD-00178,Valvulas,213,2,211,8796.90,6,A,2026-07-04
PRD-00179,Acessorios Hidraulicos,214,3,211,9020.10,7,A,2026-07-03
PRD-00180,Cabos e Fios,35,4,31,1505.00,8,A,2026-07-02
PRD-00181,Disjuntores,36,5,31,1578.60,9,A,2026-07-01
PRD-00182,Tomadas e Interruptores,37,6,31,1653.90,10,A,2026-06-30
PRD-00183,Iluminacao LED,38,7,31,1730.90,11,A,2026-06-29
PRD-00184,Conexoes PVC,39,8,31,1809.60,12,A,2026-06-28
PRD-00185,Tubos e Eletrodutos,40,9,31,1890.00,13,A,2026-06-27
PRD-00186,Bombas Hidraulicas,41,10,31,1972.10,14,A,2026-06-26
PRD-00187,Ferramentas,42,0,42,2055.90,15,A,2026-06-25
PRD-00188,Fixacao,43,1,42,2141.40,16,A,2026-06-24
PRD-00189,Painel Eletrico,44,2,42,2228.60,17,A,2026-06-23
PRD-00190,Valvulas,45,3,42,2317.50,18,A,2026-06-22
PRD-00191,Acessorios Hidraulicos,46,4,42,2408.10,19,A,2026-06-21
PRD-00192,Cabos e Fios,47,5,42,2500.40,20,A,2026-06-20
PRD-00193,Disjuntores,48,6,42,2594.40,21,A,2026-06-19
PRD-00194,Tomadas e Interruptores,49,7,42,2690.10,22,A,2026-06-18
PRD-00195,Iluminacao LED,50,8,42,2787.50,23,A,2026-06-17
PRD-00196,Conexoes PVC,51,9,42,2886.60,24,A,2026-06-16
PRD-00197,Tubos e Eletrodutos,52,10,42,2987.40,25,A,2026-06-15
PRD-00198,Bombas Hidraulicas,53,0,53,3089.90,26,A,2026-06-14
PRD-00199,Ferramentas,54,1,53,3194.10,27,A,2026-06-13
PRD-00200,Fixacao,55,2,53,3300.00,28,A,2026-06-12
PRD-00201,Painel Eletrico,56,3,53,3407.60,29,A,2026-06-11
PRD-00202,Valvulas,57,4,53,3516.90,30,A,2026-06-10
PRD-00203,Acessorios Hidraulicos,58,5,53,3627.90,31,A,2026-06-09
PRD-00204,Cabos e Fios,59,6,53,3740.60,32,A,2026-06-08
PRD-00205,Disjuntores,60,7,53,3855.00,33,A,2026-06-07
PRD-00206,Tomadas e Interruptores,61,8,53,3971.10,34,A,2026-06-06
PRD-00207,Iluminacao LED,62,9,53,4088.90,35,A,2026-06-05
PRD-00208,Conexoes PVC,63,10,53,4208.40,36,A,2026-06-04
PRD-00209,Tubos e Eletrodutos,64,0,64,4329.60,37,A,2026-06-03
PRD-00210,Bombas Hidraulicas,65,1,64,585.00,3,A,2026-07-07
PRD-00211,Ferramentas,66,2,64,650.10,4,A,2026-07-06
PRD-00212,Fixacao,67,3,64,716.90,5,A,2026-07-05
PRD-00213,Painel Eletrico,68,4,64,785.40,6,A,2026-07-04
PRD-00214,Valvulas,69,5,64,855.60,7,A,2026-07-03
PRD-00215,Acessorios Hidraulicos,70,6,64,927.50,8,A,2026-07-02
PRD-00216,Cabos e Fios,71,7,64,1001.10,9,A,2026-07-01
PRD-00217,Disjuntores,72,8,64,1076.40,10,A,2026-06-30
PRD-00218,Tomadas e Interruptores,73,9,64,1153.40,11,A,2026-06-29
PRD-00219,Iluminacao LED,74,10,64,1232.10,12,A,2026-06-28
PRD-00220,Conexoes PVC,75,0,75,1312.50,13,A,2026-06-27
PRD-00221,Tubos e Eletrodutos,76,1,75,1394.60,14,A,2026-06-26
PRD-00222,Bombas Hidraulicas,77,2,75,1478.40,15,A,2026-06-25
PRD-00223,Ferramentas,78,3,75,1563.90,16,A,2026-06-24
PRD-00224,Fixacao,79,4,75,1651.10,17,A,2026-06-23
PRD-00225,Painel Eletrico,80,5,75,1740.00,18,A,2026-06-22
PRD-00226,Valvulas,81,6,75,1830.60,19,A,2026-06-21
PRD-00227,Acessorios Hidraulicos,82,7,75,1922.90,20,A,2026-06-20
PRD-00228,Cabos e Fios,83,8,75,2016.90,21,A,2026-06-19
PRD-00229,Disjuntores,84,9,75,2112.60,22,A,2026-06-18
PRD-00230,Tomadas e Interruptores,85,10,75,2210.00,23,A,2026-06-17
PRD-00231,Iluminacao LED,86,0,86,2309.10,24,A,2026-06-16
PRD-00232,Conexoes PVC,87,1,86,2409.90,25,A,2026-06-15
PRD-00233,Tubos e Eletrodutos,88,2,86,2512.40,26,A,2026-06-14
PRD-00234,Bombas Hidraulicas,89,3,86,2616.60,27,A,2026-06-13
PRD-00235,Ferramentas,90,4,86,2722.50,28,A,2026-06-12
PRD-00236,Fixacao,91,5,86,2830.10,29,A,2026-06-11
PRD-00237,Painel Eletrico,92,6,86,2939.40,30,A,2026-06-10
PRD-00238,Valvulas,93,7,86,3050.40,31,A,2026-06-09
PRD-00239,Acessorios Hidraulicos,94,8,86,3163.10,32,A,2026-06-08
PRD-00240,Cabos e Fios,95,9,86,3277.50,33,A,2026-06-07
PRD-00241,Disjuntores,96,10,86,3393.60,34,A,2026-06-06
PRD-00242,Tomadas e Interruptores,97,0,97,3511.40,35,A,2026-06-05
PRD-00243,Iluminacao LED,98,1,97,3630.90,36,A,2026-06-04
PRD-00244,Conexoes PVC,99,2,97,3752.10,37,A,2026-06-03
PRD-00245,Tubos e Eletrodutos,100,3,97,3875.00,3,A,2026-07-07
PRD-00246,Bombas Hidraulicas,101,4,97,3999.60,4,A,2026-07-06
PRD-00247,Ferramentas,102,5,97,4125.90,5,A,2026-07-05
PRD-00248,Fixacao,103,6,97,4253.90,6,A,2026-07-04
PRD-00249,Painel Eletrico,104,7,97,4383.60,7,A,2026-07-03
PRD-00250,Valvulas,105,8,97,4515.00,8,A,2026-07-02
PRD-00251,Acessorios Hidraulicos,106,9,97,4648.10,9,B,2026-07-01
PRD-00252,Cabos e Fios,107,10,97,4782.90,10,B,2026-06-30
PRD-00253,Disjuntores,108,0,108,4919.40,11,B,2026-06-29
PRD-00254,Tomadas e Interruptores,109,1,108,5057.60,12,B,2026-06-28
PRD-00255,Iluminacao LED,110,2,108,5197.50,13,B,2026-06-27
PRD-00256,Conexoes PVC,111,3,108,5339.10,14,B,2026-06-26
PRD-00257,Tubos e Eletrodutos,112,4,108,5482.40,15,B,2026-06-25
PRD-00258,Bombas Hidraulicas,113,5,108,5627.40,16,B,2026-06-24
PRD-00259,Ferramentas,114,6,108,5774.10,17,B,2026-06-23
PRD-00260,Fixacao,115,7,108,5922.50,18,B,2026-06-22
PRD-00261,Painel Eletrico,116,8,108,6072.60,19,B,2026-06-21
PRD-00262,Valvulas,117,9,108,6224.40,20,B,2026-06-20
PRD-00263,Acessorios Hidraulicos,118,10,108,6377.90,21,B,2026-06-19
PRD-00264,Cabos e Fios,119,0,119,6533.10,22,B,2026-06-18
PRD-00265,Disjuntores,120,1,119,6690.00,23,B,2026-06-17
PRD-00266,Tomadas e Interruptores,121,2,119,6848.60,24,B,2026-06-16
PRD-00267,Iluminacao LED,122,3,119,7008.90,25,B,2026-06-15
PRD-00268,Conexoes PVC,123,4,119,7170.90,26,B,2026-06-14
PRD-00269,Tubos e Eletrodutos,124,5,119,7334.60,27,B,2026-06-13
PRD-00270,Bombas Hidraulicas,125,6,119,7500.00,28,B,2026-06-12
PRD-00271,Ferramentas,126,7,119,7667.10,29,B,2026-06-11
PRD-00272,Fixacao,127,8,119,7835.90,30,B,2026-06-10
PRD-00273,Painel Eletrico,128,9,119,8006.40,31,B,2026-06-09
PRD-00274,Valvulas,129,10,119,8178.60,32,B,2026-06-08
PRD-00275,Acessorios Hidraulicos,130,0,130,8352.50,33,B,2026-06-07
PRD-00276,Cabos e Fios,131,1,130,8528.10,34,B,2026-06-06
PRD-00277,Disjuntores,132,2,130,8705.40,35,B,2026-06-05
PRD-00278,Tomadas e Interruptores,133,3,130,8884.40,36,B,2026-06-04
PRD-00279,Iluminacao LED,134,4,130,9065.10,37,B,2026-06-03
PRD-00280,Conexoes PVC,135,5,130,1215.00,3,B,2026-07-07
PRD-00281,Tubos e Eletrodutos,136,6,130,1339.60,4,B,2026-07-06
PRD-00282,Bombas Hidraulicas,137,7,130,1465.90,5,B,2026-07-05
PRD-00283,Ferramentas,138,8,130,1593.90,6,B,2026-07-04
PRD-00284,Fixacao,139,9,130,1723.60,7,B,2026-07-03
PRD-00285,Painel Eletrico,140,10,130,1855.00,8,B,2026-07-02
PRD-00286,Valvulas,141,0,141,1988.10,9,B,2026-07-01
PRD-00287,Acessorios Hidraulicos,142,1,141,2122.90,10,B,2026-06-30
PRD-00288,Cabos e Fios,143,2,141,2259.40,11,B,2026-06-29
PRD-00289,Disjuntores,144,3,141,2397.60,12,B,2026-06-28
PRD-00290,Tomadas e Interruptores,145,4,141,2537.50,13,B,2026-06-27
PRD-00291,Iluminacao LED,146,5,141,2679.10,14,B,2026-06-26
PRD-00292,Conexoes PVC,147,6,141,2822.40,15,B,2026-06-25
PRD-00293,Tubos e Eletrodutos,148,7,141,2967.40,16,B,2026-06-24
PRD-00294,Bombas Hidraulicas,149,8,141,3114.10,17,B,2026-06-23
PRD-00295,Ferramentas,150,9,141,3262.50,18,B,2026-06-22
PRD-00296,Fixacao,151,10,141,3412.60,19,B,2026-06-21
PRD-00297,Painel Eletrico,152,0,152,3564.40,20,B,2026-06-20
PRD-00298,Valvulas,153,1,152,3717.90,21,B,2026-06-19
PRD-00299,Acessorios Hidraulicos,154,2,152,3873.10,22,B,2026-06-18
PRD-00300,Cabos e Fios,155,3,152,4030.00,23,B,2026-06-17
PRD-00301,Disjuntores,156,4,152,4188.60,24,B,2026-06-16
PRD-00302,Tomadas e Interruptores,157,5,152,4348.90,25,B,2026-06-15
PRD-00303,Iluminacao LED,158,6,152,4510.90,26,B,2026-06-14
PRD-00304,Conexoes PVC,159,7,152,4674.60,27,B,2026-06-13
PRD-00305,Tubos e Eletrodutos,160,8,152,4840.00,28,B,2026-06-12
PRD-00306,Bombas Hidraulicas,161,9,152,5007.10,29,B,2026-06-11
PRD-00307,Ferramentas,162,10,152,5175.90,30,B,2026-06-10
PRD-00308,Fixacao,163,0,163,5346.40,31,B,2026-06-09
PRD-00309,Painel Eletrico,164,1,163,5518.60,32,B,2026-06-08
PRD-00310,Valvulas,165,2,163,5692.50,33,B,2026-06-07
PRD-00311,Acessorios Hidraulicos,166,3,163,5868.10,34,B,2026-06-06
PRD-00312,Cabos e Fios,167,4,163,6045.40,35,B,2026-06-05
PRD-00313,Disjuntores,168,5,163,6224.40,36,B,2026-06-04
PRD-00314,Tomadas e Interruptores,169,6,163,6405.10,37,B,2026-06-03
PRD-00315,Iluminacao LED,170,7,163,6587.50,3,B,2026-07-07
PRD-00316,Conexoes PVC,171,8,163,6771.60,4,B,2026-07-06
PRD-00317,Tubos e Eletrodutos,172,9,163,6957.40,5,B,2026-07-05
PRD-00318,Bombas Hidraulicas,173,10,163,7144.90,6,B,2026-07-04
PRD-00319,Ferramentas,174,0,174,7334.10,7,B,2026-07-03
PRD-00320,Fixacao,175,1,174,7525.00,8,B,2026-07-02
PRD-00321,Painel Eletrico,176,2,174,7717.60,9,B,2026-07-01
PRD-00322,Valvulas,177,3,174,7911.90,10,B,2026-06-30
PRD-00323,Acessorios Hidraulicos,178,4,174,8107.90,11,B,2026-06-29
PRD-00324,Cabos e Fios,179,5,174,8305.60,12,B,2026-06-28
PRD-00325,Disjuntores,180,6,174,8505.00,13,B,2026-06-27
PRD-00326,Tomadas e Interruptores,181,7,174,8706.10,14,B,2026-06-26
PRD-00327,Iluminacao LED,182,8,174,8908.90,15,B,2026-06-25
PRD-00328,Conexoes PVC,183,9,174,9113.40,16,B,2026-06-24
PRD-00329,Tubos e Eletrodutos,184,10,174,9319.60,17,B,2026-06-23
PRD-00330,Bombas Hidraulicas,185,0,185,9527.50,18,B,2026-06-22
PRD-00331,Ferramentas,186,1,185,9737.10,19,B,2026-06-21
PRD-00332,Fixacao,187,2,185,9948.40,20,B,2026-06-20
PRD-00333,Painel Eletrico,188,3,185,10161.40,21,B,2026-06-19
PRD-00334,Valvulas,189,4,185,10376.10,22,B,2026-06-18
PRD-00335,Acessorios Hidraulicos,190,5,185,10592.50,23,B,2026-06-17
PRD-00336,Cabos e Fios,191,6,185,10810.60,24,B,2026-06-16
PRD-00337,Disjuntores,192,7,185,11030.40,25,B,2026-06-15
PRD-00338,Tomadas e Interruptores,193,8,185,11251.90,26,B,2026-06-14
PRD-00339,Iluminacao LED,194,9,185,11475.10,27,B,2026-06-13
PRD-00340,Conexoes PVC,195,10,185,11700.00,28,B,2026-06-12
PRD-00341,Tubos e Eletrodutos,196,0,196,11926.60,29,B,2026-06-11
PRD-00342,Bombas Hidraulicas,197,1,196,12154.90,30,B,2026-06-10
PRD-00343,Ferramentas,198,2,196,12384.90,31,B,2026-06-09
PRD-00344,Fixacao,199,3,196,12616.60,32,B,2026-06-08
PRD-00345,Painel Eletrico,200,4,196,12850.00,33,B,2026-06-07
PRD-00346,Valvulas,201,5,196,13085.10,34,B,2026-06-06
PRD-00347,Acessorios Hidraulicos,202,6,196,13321.90,35,B,2026-06-05
PRD-00348,Cabos e Fios,203,7,196,13560.40,36,B,2026-06-04
PRD-00349,Disjuntores,204,8,196,13800.60,37,B,2026-06-03
PRD-00350,Tomadas e Interruptores,205,9,196,1845.00,3,B,2026-07-07
PRD-00351,Iluminacao LED,206,10,196,2029.10,4,B,2026-07-06
PRD-00352,Conexoes PVC,207,0,207,2214.90,5,B,2026-07-05
PRD-00353,Tubos e Eletrodutos,208,1,207,2402.40,6,B,2026-07-04
PRD-00354,Bombas Hidraulicas,209,2,207,2591.60,7,B,2026-07-03
PRD-00355,Ferramentas,210,3,207,2782.50,8,B,2026-07-02
PRD-00356,Fixacao,211,4,207,2975.10,9,B,2026-07-01
PRD-00357,Painel Eletrico,212,5,207,3169.40,10,B,2026-06-30
PRD-00358,Valvulas,213,6,207,3365.40,11,B,2026-06-29
PRD-00359,Acessorios Hidraulicos,214,7,207,3563.10,12,B,2026-06-28
PRD-00360,Cabos e Fios,35,8,27,612.50,13,B,2026-06-27
PRD-00361,Disjuntores,36,9,27,660.60,14,B,2026-06-26
PRD-00362,Tomadas e Interruptores,37,10,27,710.40,15,B,2026-06-25
PRD-00363,Iluminacao LED,38,0,38,761.90,16,B,2026-06-24
PRD-00364,Conexoes PVC,39,1,38,815.10,17,B,2026-06-23
PRD-00365,Tubos e Eletrodutos,40,2,38,870.00,18,B,2026-06-22
PRD-00366,Bombas Hidraulicas,41,3,38,926.60,19,B,2026-06-21
PRD-00367,Ferramentas,42,4,38,984.90,20,B,2026-06-20
PRD-00368,Fixacao,43,5,38,1044.90,21,B,2026-06-19
PRD-00369,Painel Eletrico,44,6,38,1106.60,22,B,2026-06-18
PRD-00370,Valvulas,45,7,38,1170.00,23,B,2026-06-17
PRD-00371,Acessorios Hidraulicos,46,8,38,1235.10,24,B,2026-06-16
PRD-00372,Cabos e Fios,47,9,38,1301.90,25,B,2026-06-15
PRD-00373,Disjuntores,48,10,38,1370.40,26,B,2026-06-14
PRD-00374,Tomadas e Interruptores,49,0,49,1440.60,27,B,2026-06-13
PRD-00375,Iluminacao LED,50,1,49,1512.50,28,B,2026-06-12
PRD-00376,Conexoes PVC,51,2,49,1586.10,29,B,2026-06-11
PRD-00377,Tubos e Eletrodutos,52,3,49,1661.40,30,B,2026-06-10
PRD-00378,Bombas Hidraulicas,53,4,49,1738.40,31,B,2026-06-09
PRD-00379,Ferramentas,54,5,49,1817.10,32,B,2026-06-08
PRD-00380,Fixacao,55,6,49,1897.50,33,B,2026-06-07
PRD-00381,Painel Eletrico,56,7,49,1979.60,34,B,2026-06-06
PRD-00382,Valvulas,57,8,49,2063.40,35,B,2026-06-05
PRD-00383,Acessorios Hidraulicos,58,9,49,2148.90,36,B,2026-06-04
PRD-00384,Cabos e Fios,59,10,49,2236.10,37,B,2026-06-03
PRD-00385,Disjuntores,60,0,60,2325.00,3,B,2026-07-07
PRD-00386,Tomadas e Interruptores,61,1,60,2415.60,4,B,2026-07-06
PRD-00387,Iluminacao LED,62,2,60,2507.90,5,B,2026-07-05
PRD-00388,Conexoes PVC,63,3,60,2601.90,6,B,2026-07-04
PRD-00389,Tubos e Eletrodutos,64,4,60,2697.60,7,B,2026-07-03
PRD-00390,Bombas Hidraulicas,65,5,60,2795.00,8,B,2026-07-02
PRD-00391,Ferramentas,66,6,60,2894.10,9,B,2026-07-01
PRD-00392,Fixacao,67,7,60,2994.90,10,B,2026-06-30
PRD-00393,Painel Eletrico,68,8,60,3097.40,11,B,2026-06-29
PRD-00394,Valvulas,69,9,60,3201.60,12,B,2026-06-28
PRD-00395,Acessorios Hidraulicos,70,10,60,3307.50,13,B,2026-06-27
PRD-00396,Cabos e Fios,71,0,71,3415.10,14,B,2026-06-26
PRD-00397,Disjuntores,72,1,71,3524.40,15,B,2026-06-25
PRD-00398,Tomadas e Interruptores,73,2,71,3635.40,16,B,2026-06-24
PRD-00399,Iluminacao LED,74,3,71,3748.10,17,B,2026-06-23
PRD-00400,Conexoes PVC,75,4,71,3862.50,18,B,2026-06-22
PRD-00401,Tubos e Eletrodutos,76,5,71,3978.60,19,B,2026-06-21
PRD-00402,Bombas Hidraulicas,77,6,71,4096.40,20,B,2026-06-20
PRD-00403,Ferramentas,78,7,71,4215.90,21,B,2026-06-19
PRD-00404,Fixacao,79,8,71,4337.10,22,B,2026-06-18
PRD-00405,Painel Eletrico,80,9,71,4460.00,23,B,2026-06-17
PRD-00406,Valvulas,81,10,71,4584.60,24,B,2026-06-16
PRD-00407,Acessorios Hidraulicos,82,0,82,4710.90,25,B,2026-06-15
PRD-00408,Cabos e Fios,83,1,82,4838.90,26,B,2026-06-14
PRD-00409,Disjuntores,84,2,82,4968.60,27,B,2026-06-13
PRD-00410,Tomadas e Interruptores,85,3,82,5100.00,28,B,2026-06-12
PRD-00411,Iluminacao LED,86,4,82,5233.10,29,B,2026-06-11
PRD-00412,Conexoes PVC,87,5,82,5367.90,30,B,2026-06-10
PRD-00413,Tubos e Eletrodutos,88,6,82,5504.40,31,B,2026-06-09
PRD-00414,Bombas Hidraulicas,89,7,82,5642.60,32,B,2026-06-08
PRD-00415,Ferramentas,90,8,82,5782.50,33,B,2026-06-07
PRD-00416,Fixacao,91,9,82,5924.10,34,B,2026-06-06
PRD-00417,Painel Eletrico,92,10,82,6067.40,35,B,2026-06-05
PRD-00418,Valvulas,93,0,93,6212.40,36,B,2026-06-04
PRD-00419,Acessorios Hidraulicos,94,1,93,6359.10,37,B,2026-06-03
PRD-00420,Cabos e Fios,95,2,93,855.00,3,B,2026-07-07
PRD-00421,Disjuntores,96,3,93,945.60,4,B,2026-07-06
PRD-00422,Tomadas e Interruptores,97,4,93,1037.90,5,B,2026-07-05
PRD-00423,Iluminacao LED,98,5,93,1131.90,6,B,2026-07-04
PRD-00424,Conexoes PVC,99,6,93,1227.60,7,B,2026-07-03
PRD-00425,Tubos e Eletrodutos,100,7,93,1325.00,8,B,2026-07-02
PRD-00426,Bombas Hidraulicas,101,8,93,1424.10,9,B,2026-07-01
PRD-00427,Ferramentas,102,9,93,1524.90,10,B,2026-06-30
PRD-00428,Fixacao,103,10,93,1627.40,11,B,2026-06-29
PRD-00429,Painel Eletrico,104,0,104,1731.60,12,B,2026-06-28
PRD-00430,Valvulas,105,1,104,1837.50,13,B,2026-06-27
PRD-00431,Acessorios Hidraulicos,106,2,104,1945.10,14,B,2026-06-26
PRD-00432,Cabos e Fios,107,3,104,2054.40,15,B,2026-06-25
PRD-00433,Disjuntores,108,4,104,2165.40,16,B,2026-06-24
PRD-00434,Tomadas e Interruptores,109,5,104,2278.10,17,B,2026-06-23
PRD-00435,Iluminacao LED,110,6,104,2392.50,18,B,2026-06-22
PRD-00436,Conexoes PVC,111,7,104,2508.60,19,B,2026-06-21
PRD-00437,Tubos e Eletrodutos,112,8,104,2626.40,20,B,2026-06-20
PRD-00438,Bombas Hidraulicas,113,9,104,2745.90,21,B,2026-06-19
PRD-00439,Ferramentas,114,10,104,2867.10,22,B,2026-06-18
PRD-00440,Fixacao,115,0,115,2990.00,23,B,2026-06-17
PRD-00441,Painel Eletrico,116,1,115,3114.60,24,B,2026-06-16
PRD-00442,Valvulas,117,2,115,3240.90,25,B,2026-06-15
PRD-00443,Acessorios Hidraulicos,118,3,115,3368.90,26,B,2026-06-14
PRD-00444,Cabos e Fios,119,4,115,3498.60,27,B,2026-06-13
PRD-00445,Disjuntores,120,5,115,3630.00,28,B,2026-06-12
PRD-00446,Tomadas e Interruptores,121,6,115,3763.10,29,B,2026-06-11
PRD-00447,Iluminacao LED,122,7,115,3897.90,30,B,2026-06-10
PRD-00448,Conexoes PVC,123,8,115,4034.40,31,B,2026-06-09
PRD-00449,Tubos e Eletrodutos,124,9,115,4172.60,32,B,2026-06-08
PRD-00450,Bombas Hidraulicas,125,10,115,4312.50,33,B,2026-06-07
PRD-00451,Ferramentas,126,0,126,4454.10,34,B,2026-06-06
PRD-00452,Fixacao,127,1,126,4597.40,35,B,2026-06-05
PRD-00453,Painel Eletrico,128,2,126,4742.40,36,B,2026-06-04
PRD-00454,Valvulas,129,3,126,4889.10,37,B,2026-06-03
PRD-00455,Acessorios Hidraulicos,130,4,126,5037.50,3,B,2026-07-07
PRD-00456,Cabos e Fios,131,5,126,5187.60,4,B,2026-07-06
PRD-00457,Disjuntores,132,6,126,5339.40,5,B,2026-07-05
PRD-00458,Tomadas e Interruptores,133,7,126,5492.90,6,B,2026-07-04
PRD-00459,Iluminacao LED,134,8,126,5648.10,7,B,2026-07-03
PRD-00460,Conexoes PVC,135,9,126,5805.00,8,B,2026-07-02
PRD-00461,Tubos e Eletrodutos,136,10,126,5963.60,9,B,2026-07-01
PRD-00462,Bombas Hidraulicas,137,0,137,6123.90,10,B,2026-06-30
PRD-00463,Ferramentas,138,1,137,6285.90,11,B,2026-06-29
PRD-00464,Fixacao,139,2,137,6449.60,12,B,2026-06-28
PRD-00465,Painel Eletrico,140,3,137,6615.00,13,B,2026-06-27
PRD-00466,Valvulas,141,4,137,6782.10,14,B,2026-06-26
PRD-00467,Acessorios Hidraulicos,142,5,137,6950.90,15,B,2026-06-25
PRD-00468,Cabos e Fios,143,6,137,7121.40,16,B,2026-06-24
PRD-00469,Disjuntores,144,7,137,7293.60,17,B,2026-06-23
PRD-00470,Tomadas e Interruptores,145,8,137,7467.50,18,B,2026-06-22
PRD-00471,Iluminacao LED,146,9,137,7643.10,19,B,2026-06-21
PRD-00472,Conexoes PVC,147,10,137,7820.40,20,B,2026-06-20
PRD-00473,Tubos e Eletrodutos,148,0,148,7999.40,21,B,2026-06-19
PRD-00474,Bombas Hidraulicas,149,1,148,8180.10,22,B,2026-06-18
PRD-00475,Ferramentas,150,2,148,8362.50,23,B,2026-06-17
PRD-00476,Fixacao,151,3,148,8546.60,24,B,2026-06-16
PRD-00477,Painel Eletrico,152,4,148,8732.40,25,B,2026-06-15
PRD-00478,Valvulas,153,5,148,8919.90,26,B,2026-06-14
PRD-00479,Acessorios Hidraulicos,154,6,148,9109.10,27,B,2026-06-13
PRD-00480,Cabos e Fios,155,7,148,9300.00,28,B,2026-06-12
PRD-00481,Disjuntores,156,8,148,9492.60,29,B,2026-06-11
PRD-00482,Tomadas e Interruptores,157,9,148,9686.90,30,B,2026-06-10
PRD-00483,Iluminacao LED,158,10,148,9882.90,31,B,2026-06-09
PRD-00484,Conexoes PVC,159,0,159,10080.60,32,B,2026-06-08
PRD-00485,Tubos e Eletrodutos,160,1,159,10280.00,33,B,2026-06-07
PRD-00486,Bombas Hidraulicas,161,2,159,10481.10,34,B,2026-06-06
PRD-00487,Ferramentas,162,3,159,10683.90,35,B,2026-06-05
PRD-00488,Fixacao,163,4,159,10888.40,36,B,2026-06-04
PRD-00489,Painel Eletrico,164,5,159,11094.60,37,B,2026-06-03
PRD-00490,Valvulas,165,6,159,1485.00,3,B,2026-07-07
PRD-00491,Acessorios Hidraulicos,166,7,159,1635.10,4,B,2026-07-06
PRD-00492,Cabos e Fios,167,8,159,1786.90,5,B,2026-07-05
PRD-00493,Disjuntores,168,9,159,1940.40,6,B,2026-07-04
PRD-00494,Tomadas e Interruptores,169,10,159,2095.60,7,B,2026-07-03
PRD-00495,Iluminacao LED,170,0,170,2252.50,8,B,2026-07-02
PRD-00496,Conexoes PVC,171,1,170,2411.10,9,B,2026-07-01
PRD-00497,Tubos e Eletrodutos,172,2,170,2571.40,10,B,2026-06-30
PRD-00498,Bombas Hidraulicas,173,3,170,2733.40,11,B,2026-06-29
PRD-00499,Ferramentas,174,4,170,2897.10,12,B,2026-06-28
PRD-00500,Fixacao,175,5,170,3062.50,13,B,2026-06-27
PRD-00501,Painel Eletrico,176,6,170,3229.60,14,B,2026-06-26
PRD-00502,Valvulas,177,7,170,3398.40,15,B,2026-06-25
PRD-00503,Acessorios Hidraulicos,178,8,170,3568.90,16,B,2026-06-24
PRD-00504,Cabos e Fios,179,9,170,3741.10,17,B,2026-06-23
PRD-00505,Disjuntores,180,10,170,3915.00,18,B,2026-06-22
PRD-00506,Tomadas e Interruptores,181,0,181,4090.60,19,B,2026-06-21
PRD-00507,Iluminacao LED,182,1,181,4267.90,20,B,2026-06-20
PRD-00508,Conexoes PVC,183,2,181,4446.90,21,B,2026-06-19
PRD-00509,Tubos e Eletrodutos,184,3,181,4627.60,22,B,2026-06-18
PRD-00510,Bombas Hidraulicas,185,4,181,4810.00,23,B,2026-06-17
PRD-00511,Ferramentas,186,5,181,4994.10,24,B,2026-06-16
PRD-00512,Fixacao,187,6,181,5179.90,25,B,2026-06-15
PRD-00513,Painel Eletrico,188,7,181,5367.40,26,B,2026-06-14
PRD-00514,Valvulas,189,8,181,5556.60,27,B,2026-06-13
PRD-00515,Acessorios Hidraulicos,190,9,181,5747.50,28,B,2026-06-12
PRD-00516,Cabos e Fios,191,10,181,5940.10,29,B,2026-06-11
PRD-00517,Disjuntores,192,0,192,6134.40,30,B,2026-06-10
PRD-00518,Tomadas e Interruptores,193,1,192,6330.40,31,B,2026-06-09
PRD-00519,Iluminacao LED,194,2,192,6528.10,32,B,2026-06-08
PRD-00520,Conexoes PVC,195,3,192,6727.50,33,B,2026-06-07
PRD-00521,Tubos e Eletrodutos,196,4,192,6928.60,34,B,2026-06-06
PRD-00522,Bombas Hidraulicas,197,5,192,7131.40,35,B,2026-06-05
PRD-00523,Ferramentas,198,6,192,7335.90,36,B,2026-06-04
PRD-00524,Fixacao,199,7,192,7542.10,37,B,2026-06-03
PRD-00525,Painel Eletrico,200,8,192,7750.00,3,B,2026-07-07
PRD-00526,Valvulas,201,9,192,7959.60,4,B,2026-07-06
PRD-00527,Acessorios Hidraulicos,202,10,192,8170.90,5,B,2026-07-05
PRD-00528,Cabos e Fios,203,0,203,8383.90,6,B,2026-07-04
PRD-00529,Disjuntores,204,1,203,8598.60,7,B,2026-07-03
PRD-00530,Tomadas e Interruptores,205,2,203,8815.00,8,B,2026-07-02
PRD-00531,Iluminacao LED,206,3,203,9033.10,9,B,2026-07-01
PRD-00532,Conexoes PVC,207,4,203,9252.90,10,B,2026-06-30
PRD-00533,Tubos e Eletrodutos,208,5,203,9474.40,11,B,2026-06-29
PRD-00534,Bombas Hidraulicas,209,6,203,9697.60,12,B,2026-06-28
PRD-00535,Ferramentas,210,7,203,9922.50,13,B,2026-06-27
PRD-00536,Fixacao,211,8,203,10149.10,14,B,2026-06-26
PRD-00537,Painel Eletrico,212,9,203,10377.40,15,B,2026-06-25
PRD-00538,Valvulas,213,10,203,10607.40,16,B,2026-06-24
PRD-00539,Acessorios Hidraulicos,214,0,214,10839.10,17,B,2026-06-23
PRD-00540,Cabos e Fios,35,1,34,1802.50,18,B,2026-06-22
PRD-00541,Disjuntores,36,2,34,1884.60,19,B,2026-06-21
PRD-00542,Tomadas e Interruptores,37,3,34,1968.40,20,B,2026-06-20
PRD-00543,Iluminacao LED,38,4,34,2053.90,21,B,2026-06-19
PRD-00544,Conexoes PVC,39,5,34,2141.10,22,B,2026-06-18
PRD-00545,Tubos e Eletrodutos,40,6,34,2230.00,23,B,2026-06-17
PRD-00546,Bombas Hidraulicas,41,7,34,2320.60,24,B,2026-06-16
PRD-00547,Ferramentas,42,8,34,2412.90,25,B,2026-06-15
PRD-00548,Fixacao,43,9,34,2506.90,26,B,2026-06-14
PRD-00549,Painel Eletrico,44,10,34,2602.60,27,B,2026-06-13
PRD-00550,Valvulas,45,0,45,2700.00,28,B,2026-06-12
PRD-00551,Acessorios Hidraulicos,46,1,45,2799.10,29,B,2026-06-11
PRD-00552,Cabos e Fios,47,2,45,2899.90,30,B,2026-06-10
PRD-00553,Disjuntores,48,3,45,3002.40,31,B,2026-06-09
PRD-00554,Tomadas e Interruptores,49,4,45,3106.60,32,B,2026-06-08
PRD-00555,Iluminacao LED,50,5,45,3212.50,33,B,2026-06-07
PRD-00556,Conexoes PVC,51,6,45,3320.10,34,B,2026-06-06
PRD-00557,Tubos e Eletrodutos,52,7,45,3429.40,35,B,2026-06-05
PRD-00558,Bombas Hidraulicas,53,8,45,3540.40,36,B,2026-06-04
PRD-00559,Ferramentas,54,9,45,3653.10,37,B,2026-06-03
PRD-00560,Fixacao,55,10,45,495.00,3,B,2026-07-07
PRD-00561,Painel Eletrico,56,0,56,551.60,4,B,2026-07-06
PRD-00562,Valvulas,57,1,56,609.90,5,B,2026-07-05
PRD-00563,Acessorios Hidraulicos,58,2,56,669.90,6,B,2026-07-04
PRD-00564,Cabos e Fios,59,3,56,731.60,7,B,2026-07-03
PRD-00565,Disjuntores,60,4,56,795.00,8,B,2026-07-02
PRD-00566,Tomadas e Interruptores,61,5,56,860.10,9,B,2026-07-01
PRD-00567,Iluminacao LED,62,6,56,926.90,10,B,2026-06-30
PRD-00568,Conexoes PVC,63,7,56,995.40,11,B,2026-06-29
PRD-00569,Tubos e Eletrodutos,64,8,56,1065.60,12,B,2026-06-28
PRD-00570,Bombas Hidraulicas,65,9,56,1137.50,13,B,2026-06-27
PRD-00571,Ferramentas,66,10,56,1211.10,14,B,2026-06-26
PRD-00572,Fixacao,67,0,67,1286.40,15,B,2026-06-25
PRD-00573,Painel Eletrico,68,1,67,1363.40,16,B,2026-06-24
PRD-00574,Valvulas,69,2,67,1442.10,17,B,2026-06-23
PRD-00575,Acessorios Hidraulicos,70,3,67,1522.50,18,B,2026-06-22
PRD-00576,Cabos e Fios,71,4,67,1604.60,19,B,2026-06-21
PRD-00577,Disjuntores,72,5,67,1688.40,20,B,2026-06-20
PRD-00578,Tomadas e Interruptores,73,6,67,1773.90,21,B,2026-06-19
PRD-00579,Iluminacao LED,74,7,67,1861.10,22,B,2026-06-18
PRD-00580,Conexoes PVC,75,8,67,1950.00,23,B,2026-06-17
PRD-00581,Tubos e Eletrodutos,76,9,67,2040.60,24,B,2026-06-16
PRD-00582,Bombas Hidraulicas,77,10,67,2132.90,25,B,2026-06-15
PRD-00583,Ferramentas,78,0,78,2226.90,26,B,2026-06-14
PRD-00584,Fixacao,79,1,78,2322.60,27,B,2026-06-13
PRD-00585,Painel Eletrico,80,2,78,2420.00,28,B,2026-06-12
PRD-00586,Valvulas,81,3,78,2519.10,29,B,2026-06-11
PRD-00587,Acessorios Hidraulicos,82,4,78,2619.90,30,B,2026-06-10
PRD-00588,Cabos e Fios,83,5,78,2722.40,31,B,2026-06-09
PRD-00589,Disjuntores,84,6,78,2826.60,32,B,2026-06-08
PRD-00590,Tomadas e Interruptores,85,7,78,2932.50,33,B,2026-06-07
PRD-00591,Iluminacao LED,86,8,78,3040.10,34,B,2026-06-06
PRD-00592,Conexoes PVC,87,9,78,3149.40,35,B,2026-06-05
PRD-00593,Tubos e Eletrodutos,88,10,78,3260.40,36,B,2026-06-04
PRD-00594,Bombas Hidraulicas,89,0,89,3373.10,37,B,2026-06-03
PRD-00595,Ferramentas,90,1,89,3487.50,3,B,2026-07-07
PRD-00596,Fixacao,91,2,89,3603.60,4,B,2026-07-06
PRD-00597,Painel Eletrico,92,3,89,3721.40,5,B,2026-07-05
PRD-00598,Valvulas,93,4,89,3840.90,6,B,2026-07-04
PRD-00599,Acessorios Hidraulicos,94,5,89,3962.10,7,B,2026-07-03
PRD-00600,Cabos e Fios,95,6,89,4085.00,8,B,2026-07-02
PRD-00601,Disjuntores,96,7,89,4209.60,9,B,2026-07-01
PRD-00602,Tomadas e Interruptores,97,8,89,4335.90,10,B,2026-06-30
PRD-00603,Iluminacao LED,98,9,89,4463.90,11,B,2026-06-29
PRD-00604,Conexoes PVC,99,10,89,4593.60,12,B,2026-06-28
PRD-00605,Tubos e Eletrodutos,100,0,100,4725.00,13,B,2026-06-27
PRD-00606,Bombas Hidraulicas,101,1,100,4858.10,14,B,2026-06-26
PRD-00607,Ferramentas,102,2,100,4992.90,15,B,2026-06-25
PRD-00608,Fixacao,103,3,100,5129.40,16,B,2026-06-24
PRD-00609,Painel Eletrico,104,4,100,5267.60,17,B,2026-06-23
PRD-00610,Valvulas,105,5,100,5407.50,18,B,2026-06-22
PRD-00611,Acessorios Hidraulicos,106,6,100,5549.10,19,B,2026-06-21
PRD-00612,Cabos e Fios,107,7,100,5692.40,20,B,2026-06-20
PRD-00613,Disjuntores,108,8,100,5837.40,21,B,2026-06-19
PRD-00614,Tomadas e Interruptores,109,9,100,5984.10,22,B,2026-06-18
PRD-00615,Iluminacao LED,110,10,100,6132.50,23,B,2026-06-17
PRD-00616,Conexoes PVC,111,0,111,6282.60,24,B,2026-06-16
PRD-00617,Tubos e Eletrodutos,112,1,111,6434.40,25,B,2026-06-15
PRD-00618,Bombas Hidraulicas,113,2,111,6587.90,26,B,2026-06-14
PRD-00619,Ferramentas,114,3,111,6743.10,27,B,2026-06-13
PRD-00620,Fixacao,115,4,111,6900.00,28,B,2026-06-12
PRD-00621,Painel Eletrico,116,5,111,7058.60,29,B,2026-06-11
PRD-00622,Valvulas,117,6,111,7218.90,30,B,2026-06-10
PRD-00623,Acessorios Hidraulicos,118,7,111,7380.90,31,B,2026-06-09
PRD-00624,Cabos e Fios,119,8,111,7544.60,32,B,2026-06-08
PRD-00625,Disjuntores,120,9,111,7710.00,33,B,2026-06-07
PRD-00626,Tomadas e Interruptores,121,10,111,7877.10,34,B,2026-06-06
PRD-00627,Iluminacao LED,122,0,122,8045.90,35,B,2026-06-05
PRD-00628,Conexoes PVC,123,1,122,8216.40,36,B,2026-06-04
PRD-00629,Tubos e Eletrodutos,124,2,122,8388.60,37,B,2026-06-03
PRD-00630,Bombas Hidraulicas,125,3,122,1125.00,3,B,2026-07-07
PRD-00631,Ferramentas,126,4,122,1241.10,4,B,2026-07-06
PRD-00632,Fixacao,127,5,122,1358.90,5,B,2026-07-05
PRD-00633,Painel Eletrico,128,6,122,1478.40,6,B,2026-07-04
PRD-00634,Valvulas,129,7,122,1599.60,7,B,2026-07-03
PRD-00635,Acessorios Hidraulicos,130,8,122,1722.50,8,B,2026-07-02
PRD-00636,Cabos e Fios,131,9,122,1847.10,9,B,2026-07-01
PRD-00637,Disjuntores,132,10,122,1973.40,10,B,2026-06-30
PRD-00638,Tomadas e Interruptores,133,0,133,2101.40,11,B,2026-06-29
PRD-00639,Iluminacao LED,134,1,133,2231.10,12,B,2026-06-28
PRD-00640,Conexoes PVC,135,2,133,2362.50,13,B,2026-06-27
PRD-00641,Tubos e Eletrodutos,136,3,133,2495.60,14,B,2026-06-26
PRD-00642,Bombas Hidraulicas,137,4,133,2630.40,15,B,2026-06-25
PRD-00643,Ferramentas,138,5,133,2766.90,16,B,2026-06-24
PRD-00644,Fixacao,139,6,133,2905.10,17,B,2026-06-23
PRD-00645,Painel Eletrico,140,7,133,3045.00,18,B,2026-06-22
PRD-00646,Valvulas,141,8,133,3186.60,19,B,2026-06-21
PRD-00647,Acessorios Hidraulicos,142,9,133,3329.90,20,B,2026-06-20
PRD-00648,Cabos e Fios,143,10,133,3474.90,21,B,2026-06-19
PRD-00649,Disjuntores,144,0,144,3621.60,22,B,2026-06-18
PRD-00650,Tomadas e Interruptores,145,1,144,3770.00,23,B,2026-06-17
PRD-00651,Iluminacao LED,146,2,144,3920.10,24,B,2026-06-16
PRD-00652,Conexoes PVC,147,3,144,4071.90,25,B,2026-06-15
PRD-00653,Tubos e Eletrodutos,148,4,144,4225.40,26,B,2026-06-14
PRD-00654,Bombas Hidraulicas,149,5,144,4380.60,27,B,2026-06-13
PRD-00655,Ferramentas,150,6,144,4537.50,28,B,2026-06-12
PRD-00656,Fixacao,151,7,144,4696.10,29,B,2026-06-11
PRD-00657,Painel Eletrico,152,8,144,4856.40,30,B,2026-06-10
PRD-00658,Valvulas,153,9,144,5018.40,31,B,2026-06-09
PRD-00659,Acessorios Hidraulicos,154,10,144,5182.10,32,B,2026-06-08
PRD-00660,Cabos e Fios,155,0,155,5347.50,33,B,2026-06-07
PRD-00661,Disjuntores,156,1,155,5514.60,34,B,2026-06-06
PRD-00662,Tomadas e Interruptores,157,2,155,5683.40,35,B,2026-06-05
PRD-00663,Iluminacao LED,158,3,155,5853.90,36,B,2026-06-04
PRD-00664,Conexoes PVC,159,4,155,6026.10,37,B,2026-06-03
PRD-00665,Tubos e Eletrodutos,160,5,155,6200.00,3,B,2026-07-07
PRD-00666,Bombas Hidraulicas,161,6,155,6375.60,4,B,2026-07-06
PRD-00667,Ferramentas,162,7,155,6552.90,5,B,2026-07-05
PRD-00668,Fixacao,163,8,155,6731.90,6,B,2026-07-04
PRD-00669,Painel Eletrico,164,9,155,6912.60,7,B,2026-07-03
PRD-00670,Valvulas,165,10,155,7095.00,8,B,2026-07-02
PRD-00671,Acessorios Hidraulicos,166,0,166,7279.10,9,B,2026-07-01
PRD-00672,Cabos e Fios,167,1,166,7464.90,10,B,2026-06-30
PRD-00673,Disjuntores,168,2,166,7652.40,11,B,2026-06-29
PRD-00674,Tomadas e Interruptores,169,3,166,7841.60,12,B,2026-06-28
PRD-00675,Iluminacao LED,170,4,166,8032.50,13,B,2026-06-27
PRD-00676,Conexoes PVC,171,5,166,8225.10,14,B,2026-06-26
PRD-00677,Tubos e Eletrodutos,172,6,166,8419.40,15,B,2026-06-25
PRD-00678,Bombas Hidraulicas,173,7,166,8615.40,16,B,2026-06-24
PRD-00679,Ferramentas,174,8,166,8813.10,17,B,2026-06-23
PRD-00680,Fixacao,175,9,166,9012.50,18,B,2026-06-22
PRD-00681,Painel Eletrico,176,10,166,9213.60,19,B,2026-06-21
PRD-00682,Valvulas,177,0,177,9416.40,20,B,2026-06-20
PRD-00683,Acessorios Hidraulicos,178,1,177,9620.90,21,B,2026-06-19
PRD-00684,Cabos e Fios,179,2,177,9827.10,22,B,2026-06-18
PRD-00685,Disjuntores,180,3,177,10035.00,23,B,2026-06-17
PRD-00686,Tomadas e Interruptores,181,4,177,10244.60,24,B,2026-06-16
PRD-00687,Iluminacao LED,182,5,177,10455.90,25,B,2026-06-15
PRD-00688,Conexoes PVC,183,6,177,10668.90,26,B,2026-06-14
PRD-00689,Tubos e Eletrodutos,184,7,177,10883.60,27,B,2026-06-13
PRD-00690,Bombas Hidraulicas,185,8,177,11100.00,28,B,2026-06-12
PRD-00691,Ferramentas,186,9,177,11318.10,29,B,2026-06-11
PRD-00692,Fixacao,187,10,177,11537.90,30,B,2026-06-10
PRD-00693,Painel Eletrico,188,0,188,11759.40,31,B,2026-06-09
PRD-00694,Valvulas,189,1,188,11982.60,32,B,2026-06-08
PRD-00695,Acessorios Hidraulicos,190,2,188,12207.50,33,B,2026-06-07
PRD-00696,Cabos e Fios,191,3,188,12434.10,34,B,2026-06-06
PRD-00697,Disjuntores,192,4,188,12662.40,35,B,2026-06-05
PRD-00698,Tomadas e Interruptores,193,5,188,12892.40,36,B,2026-06-04
PRD-00699,Iluminacao LED,194,6,188,13124.10,37,B,2026-06-03
PRD-00700,Conexoes PVC,195,7,188,1755.00,3,B,2026-07-07
PRD-00701,Tubos e Eletrodutos,196,8,188,1930.60,4,C,2026-07-06
PRD-00702,Bombas Hidraulicas,197,9,188,2107.90,5,C,2026-07-05
PRD-00703,Ferramentas,198,10,188,2286.90,6,C,2026-07-04
PRD-00704,Fixacao,199,0,199,2467.60,7,C,2026-07-03
PRD-00705,Painel Eletrico,200,1,199,2650.00,8,C,2026-07-02
PRD-00706,Valvulas,201,2,199,2834.10,9,C,2026-07-01
PRD-00707,Acessorios Hidraulicos,202,3,199,3019.90,10,C,2026-06-30
PRD-00708,Cabos e Fios,203,4,199,3207.40,11,C,2026-06-29
PRD-00709,Disjuntores,204,5,199,3396.60,12,C,2026-06-28
PRD-00710,Tomadas e Interruptores,205,6,199,3587.50,13,C,2026-06-27
PRD-00711,Iluminacao LED,206,7,199,3780.10,14,C,2026-06-26
PRD-00712,Conexoes PVC,207,8,199,3974.40,15,C,2026-06-25
PRD-00713,Tubos e Eletrodutos,208,9,199,4170.40,16,C,2026-06-24
PRD-00714,Bombas Hidraulicas,209,10,199,4368.10,17,C,2026-06-23
PRD-00715,Ferramentas,210,0,210,4567.50,18,C,2026-06-22
PRD-00716,Fixacao,211,1,210,4768.60,19,C,2026-06-21
PRD-00717,Painel Eletrico,212,2,210,4971.40,20,C,2026-06-20
PRD-00718,Valvulas,213,3,210,5175.90,21,C,2026-06-19
PRD-00719,Acessorios Hidraulicos,214,4,210,5382.10,22,C,2026-06-18
PRD-00720,Cabos e Fios,35,5,30,910.00,23,C,2026-06-17
PRD-00721,Disjuntores,36,6,30,966.60,24,C,2026-06-16
PRD-00722,Tomadas e Interruptores,37,7,30,1024.90,25,C,2026-06-15
PRD-00723,Iluminacao LED,38,8,30,1084.90,26,C,2026-06-14
PRD-00724,Conexoes PVC,39,9,30,1146.60,27,C,2026-06-13
PRD-00725,Tubos e Eletrodutos,40,10,30,1210.00,28,C,2026-06-12
PRD-00726,Bombas Hidraulicas,41,0,41,1275.10,29,C,2026-06-11
PRD-00727,Ferramentas,42,1,41,1341.90,30,C,2026-06-10
PRD-00728,Fixacao,43,2,41,1410.40,31,C,2026-06-09
PRD-00729,Painel Eletrico,44,3,41,1480.60,32,C,2026-06-08
PRD-00730,Valvulas,45,4,41,1552.50,33,C,2026-06-07
PRD-00731,Acessorios Hidraulicos,46,5,41,1626.10,34,C,2026-06-06
PRD-00732,Cabos e Fios,47,6,41,1701.40,35,C,2026-06-05
PRD-00733,Disjuntores,48,7,41,1778.40,36,C,2026-06-04
PRD-00734,Tomadas e Interruptores,49,8,41,1857.10,37,C,2026-06-03
PRD-00735,Iluminacao LED,50,9,41,1937.50,3,C,2026-07-07
PRD-00736,Conexoes PVC,51,10,41,2019.60,4,C,2026-07-06
PRD-00737,Tubos e Eletrodutos,52,0,52,2103.40,5,C,2026-07-05
PRD-00738,Bombas Hidraulicas,53,1,52,2188.90,6,C,2026-07-04
PRD-00739,Ferramentas,54,2,52,2276.10,7,C,2026-07-03
PRD-00740,Fixacao,55,3,52,2365.00,8,C,2026-07-02
PRD-00741,Painel Eletrico,56,4,52,2455.60,9,C,2026-07-01
PRD-00742,Valvulas,57,5,52,2547.90,10,C,2026-06-30
PRD-00743,Acessorios Hidraulicos,58,6,52,2641.90,11,C,2026-06-29
PRD-00744,Cabos e Fios,59,7,52,2737.60,12,C,2026-06-28
PRD-00745,Disjuntores,60,8,52,2835.00,13,C,2026-06-27
PRD-00746,Tomadas e Interruptores,61,9,52,2934.10,14,C,2026-06-26
PRD-00747,Iluminacao LED,62,10,52,3034.90,15,C,2026-06-25
PRD-00748,Conexoes PVC,63,0,63,3137.40,16,C,2026-06-24
PRD-00749,Tubos e Eletrodutos,64,1,63,3241.60,17,C,2026-06-23
PRD-00750,Bombas Hidraulicas,65,2,63,3347.50,18,C,2026-06-22
PRD-00751,Ferramentas,66,3,63,3455.10,19,C,2026-06-21
PRD-00752,Fixacao,67,4,63,3564.40,20,C,2026-06-20
PRD-00753,Painel Eletrico,68,5,63,3675.40,21,C,2026-06-19
PRD-00754,Valvulas,69,6,63,3788.10,22,C,2026-06-18
PRD-00755,Acessorios Hidraulicos,70,7,63,3902.50,23,C,2026-06-17
PRD-00756,Cabos e Fios,71,8,63,4018.60,24,C,2026-06-16
PRD-00757,Disjuntores,72,9,63,4136.40,25,C,2026-06-15
PRD-00758,Tomadas e Interruptores,73,10,63,4255.90,26,C,2026-06-14
PRD-00759,Iluminacao LED,74,0,74,4377.10,27,C,2026-06-13
PRD-00760,Conexoes PVC,75,1,74,4500.00,28,C,2026-06-12
PRD-00761,Tubos e Eletrodutos,76,2,74,4624.60,29,C,2026-06-11
PRD-00762,Bombas Hidraulicas,77,3,74,4750.90,30,C,2026-06-10
PRD-00763,Ferramentas,78,4,74,4878.90,31,C,2026-06-09
PRD-00764,Fixacao,79,5,74,5008.60,32,C,2026-06-08
PRD-00765,Painel Eletrico,80,6,74,5140.00,33,C,2026-06-07
PRD-00766,Valvulas,81,7,74,5273.10,34,C,2026-06-06
PRD-00767,Acessorios Hidraulicos,82,8,74,5407.90,35,C,2026-06-05
PRD-00768,Cabos e Fios,83,9,74,5544.40,36,C,2026-06-04
PRD-00769,Disjuntores,84,10,74,5682.60,37,C,2026-06-03
PRD-00770,Tomadas e Interruptores,85,0,85,765.00,3,C,2026-07-07
PRD-00771,Iluminacao LED,86,1,85,847.10,4,C,2026-07-06
PRD-00772,Conexoes PVC,87,2,85,930.90,5,C,2026-07-05
PRD-00773,Tubos e Eletrodutos,88,3,85,1016.40,6,C,2026-07-04
PRD-00774,Bombas Hidraulicas,89,4,85,1103.60,7,C,2026-07-03
PRD-00775,Ferramentas,90,5,85,1192.50,8,C,2026-07-02
PRD-00776,Fixacao,91,6,85,1283.10,9,C,2026-07-01
PRD-00777,Painel Eletrico,92,7,85,1375.40,10,C,2026-06-30
PRD-00778,Valvulas,93,8,85,1469.40,11,C,2026-06-29
PRD-00779,Acessorios Hidraulicos,94,9,85,1565.10,12,C,2026-06-28
PRD-00780,Cabos e Fios,95,10,85,1662.50,13,C,2026-06-27
PRD-00781,Disjuntores,96,0,96,1761.60,14,C,2026-06-26
PRD-00782,Tomadas e Interruptores,97,1,96,1862.40,15,C,2026-06-25
PRD-00783,Iluminacao LED,98,2,96,1964.90,16,C,2026-06-24
PRD-00784,Conexoes PVC,99,3,96,2069.10,17,C,2026-06-23
PRD-00785,Tubos e Eletrodutos,100,4,96,2175.00,18,C,2026-06-22
PRD-00786,Bombas Hidraulicas,101,5,96,2282.60,19,C,2026-06-21
PRD-00787,Ferramentas,102,6,96,2391.90,20,C,2026-06-20
PRD-00788,Fixacao,103,7,96,2502.90,21,C,2026-06-19
PRD-00789,Painel Eletrico,104,8,96,2615.60,22,C,2026-06-18
PRD-00790,Valvulas,105,9,96,2730.00,23,C,2026-06-17
PRD-00791,Acessorios Hidraulicos,106,10,96,2846.10,24,C,2026-06-16
PRD-00792,Cabos e Fios,107,0,107,2963.90,25,C,2026-06-15
PRD-00793,Disjuntores,108,1,107,3083.40,26,C,2026-06-14
PRD-00794,Tomadas e Interruptores,109,2,107,3204.60,27,C,2026-06-13
PRD-00795,Iluminacao LED,110,3,107,3327.50,28,C,2026-06-12
PRD-00796,Conexoes PVC,111,4,107,3452.10,29,C,2026-06-11
PRD-00797,Tubos e Eletrodutos,112,5,107,3578.40,30,C,2026-06-10
PRD-00798,Bombas Hidraulicas,113,6,107,3706.40,31,C,2026-06-09
PRD-00799,Ferramentas,114,7,107,3836.10,32,C,2026-06-08
PRD-00800,Fixacao,115,8,107,3967.50,33,C,2026-06-07
PRD-00801,Painel Eletrico,116,9,107,4100.60,34,C,2026-06-06
PRD-00802,Valvulas,117,10,107,4235.40,35,C,2026-06-05
PRD-00803,Acessorios Hidraulicos,118,0,118,4371.90,36,C,2026-06-04
PRD-00804,Cabos e Fios,119,1,118,4510.10,37,C,2026-06-03
PRD-00805,Disjuntores,120,2,118,4650.00,3,C,2026-07-07
PRD-00806,Tomadas e Interruptores,121,3,118,4791.60,4,C,2026-07-06
PRD-00807,Iluminacao LED,122,4,118,4934.90,5,C,2026-07-05
PRD-00808,Conexoes PVC,123,5,118,5079.90,6,C,2026-07-04
PRD-00809,Tubos e Eletrodutos,124,6,118,5226.60,7,C,2026-07-03
PRD-00810,Bombas Hidraulicas,125,7,118,5375.00,8,C,2026-07-02
PRD-00811,Ferramentas,126,8,118,5525.10,9,C,2026-07-01
PRD-00812,Fixacao,127,9,118,5676.90,10,C,2026-06-30
PRD-00813,Painel Eletrico,128,10,118,5830.40,11,C,2026-06-29
PRD-00814,Valvulas,129,0,129,5985.60,12,C,2026-06-28
PRD-00815,Acessorios Hidraulicos,130,1,129,6142.50,13,C,2026-06-27
PRD-00816,Cabos e Fios,131,2,129,6301.10,14,C,2026-06-26
PRD-00817,Disjuntores,132,3,129,6461.40,15,C,2026-06-25
PRD-00818,Tomadas e Interruptores,133,4,129,6623.40,16,C,2026-06-24
PRD-00819,Iluminacao LED,134,5,129,6787.10,17,C,2026-06-23
PRD-00820,Conexoes PVC,135,6,129,6952.50,18,C,2026-06-22
PRD-00821,Tubos e Eletrodutos,136,7,129,7119.60,19,C,2026-06-21
PRD-00822,Bombas Hidraulicas,137,8,129,7288.40,20,C,2026-06-20
PRD-00823,Ferramentas,138,9,129,7458.90,21,C,2026-06-19
PRD-00824,Fixacao,139,10,129,7631.10,22,C,2026-06-18
PRD-00825,Painel Eletrico,140,0,140,7805.00,23,C,2026-06-17
PRD-00826,Valvulas,141,1,140,7980.60,24,C,2026-06-16
PRD-00827,Acessorios Hidraulicos,142,2,140,8157.90,25,C,2026-06-15
PRD-00828,Cabos e Fios,143,3,140,8336.90,26,C,2026-06-14
PRD-00829,Disjuntores,144,4,140,8517.60,27,C,2026-06-13
PRD-00830,Tomadas e Interruptores,145,5,140,8700.00,28,C,2026-06-12
PRD-00831,Iluminacao LED,146,6,140,8884.10,29,C,2026-06-11
PRD-00832,Conexoes PVC,147,7,140,9069.90,30,C,2026-06-10
PRD-00833,Tubos e Eletrodutos,148,8,140,9257.40,31,C,2026-06-09
PRD-00834,Bombas Hidraulicas,149,9,140,9446.60,32,C,2026-06-08
PRD-00835,Ferramentas,150,10,140,9637.50,33,C,2026-06-07
PRD-00836,Fixacao,151,0,151,9830.10,34,C,2026-06-06
PRD-00837,Painel Eletrico,152,1,151,10024.40,35,C,2026-06-05
PRD-00838,Valvulas,153,2,151,10220.40,36,C,2026-06-04
PRD-00839,Acessorios Hidraulicos,154,3,151,10418.10,37,C,2026-06-03
PRD-00840,Cabos e Fios,155,4,151,1395.00,3,C,2026-07-07
PRD-00841,Disjuntores,156,5,151,1536.60,4,C,2026-07-06
PRD-00842,Tomadas e Interruptores,157,6,151,1679.90,5,C,2026-07-05
PRD-00843,Iluminacao LED,158,7,151,1824.90,6,C,2026-07-04
PRD-00844,Conexoes PVC,159,8,151,1971.60,7,C,2026-07-03
PRD-00845,Tubos e Eletrodutos,160,9,151,2120.00,8,C,2026-07-02
PRD-00846,Bombas Hidraulicas,161,10,151,2270.10,9,C,2026-07-01
PRD-00847,Ferramentas,162,0,162,2421.90,10,C,2026-06-30
PRD-00848,Fixacao,163,1,162,2575.40,11,C,2026-06-29
PRD-00849,Painel Eletrico,164,2,162,2730.60,12,C,2026-06-28
PRD-00850,Valvulas,165,3,162,2887.50,13,C,2026-06-27
PRD-00851,Acessorios Hidraulicos,166,4,162,3046.10,14,C,2026-06-26
PRD-00852,Cabos e Fios,167,5,162,3206.40,15,C,2026-06-25
PRD-00853,Disjuntores,168,6,162,3368.40,16,C,2026-06-24
PRD-00854,Tomadas e Interruptores,169,7,162,3532.10,17,C,2026-06-23
PRD-00855,Iluminacao LED,170,8,162,3697.50,18,C,2026-06-22
PRD-00856,Conexoes PVC,171,9,162,3864.60,19,C,2026-06-21
PRD-00857,Tubos e Eletrodutos,172,10,162,4033.40,20,C,2026-06-20
PRD-00858,Bombas Hidraulicas,173,0,173,4203.90,21,C,2026-06-19
PRD-00859,Ferramentas,174,1,173,4376.10,22,C,2026-06-18
PRD-00860,Fixacao,175,2,173,4550.00,23,C,2026-06-17
PRD-00861,Painel Eletrico,176,3,173,4725.60,24,C,2026-06-16
PRD-00862,Valvulas,177,4,173,4902.90,25,C,2026-06-15
PRD-00863,Acessorios Hidraulicos,178,5,173,5081.90,26,C,2026-06-14
PRD-00864,Cabos e Fios,179,6,173,5262.60,27,C,2026-06-13
PRD-00865,Disjuntores,180,7,173,5445.00,28,C,2026-06-12
PRD-00866,Tomadas e Interruptores,181,8,173,5629.10,29,C,2026-06-11
PRD-00867,Iluminacao LED,182,9,173,5814.90,30,C,2026-06-10
PRD-00868,Conexoes PVC,183,10,173,6002.40,31,C,2026-06-09
PRD-00869,Tubos e Eletrodutos,184,0,184,6191.60,32,C,2026-06-08
PRD-00870,Bombas Hidraulicas,185,1,184,6382.50,33,C,2026-06-07
PRD-00871,Ferramentas,186,2,184,6575.10,34,C,2026-06-06
PRD-00872,Fixacao,187,3,184,6769.40,35,C,2026-06-05
PRD-00873,Painel Eletrico,188,4,184,6965.40,36,C,2026-06-04
PRD-00874,Valvulas,189,5,184,7163.10,37,C,2026-06-03
PRD-00875,Acessorios Hidraulicos,190,6,184,7362.50,3,C,2026-07-07
PRD-00876,Cabos e Fios,191,7,184,7563.60,4,C,2026-07-06
PRD-00877,Disjuntores,192,8,184,7766.40,5,C,2026-07-05
PRD-00878,Tomadas e Interruptores,193,9,184,7970.90,6,C,2026-07-04
PRD-00879,Iluminacao LED,194,10,184,8177.10,7,C,2026-07-03
PRD-00880,Conexoes PVC,195,0,195,8385.00,8,C,2026-07-02
PRD-00881,Tubos e Eletrodutos,196,1,195,8594.60,9,C,2026-07-01
PRD-00882,Bombas Hidraulicas,197,2,195,8805.90,10,C,2026-06-30
PRD-00883,Ferramentas,198,3,195,9018.90,11,C,2026-06-29
PRD-00884,Fixacao,199,4,195,9233.60,12,C,2026-06-28
PRD-00885,Painel Eletrico,200,5,195,9450.00,13,C,2026-06-27
PRD-00886,Valvulas,201,6,195,9668.10,14,C,2026-06-26
PRD-00887,Acessorios Hidraulicos,202,7,195,9887.90,15,C,2026-06-25
PRD-00888,Cabos e Fios,203,8,195,10109.40,16,C,2026-06-24
PRD-00889,Disjuntores,204,9,195,10332.60,17,C,2026-06-23
PRD-00890,Tomadas e Interruptores,205,10,195,10557.50,18,C,2026-06-22
PRD-00891,Iluminacao LED,206,0,206,10784.10,19,C,2026-06-21
PRD-00892,Conexoes PVC,207,1,206,11012.40,20,C,2026-06-20
PRD-00893,Tubos e Eletrodutos,208,2,206,11242.40,21,C,2026-06-19
PRD-00894,Bombas Hidraulicas,209,3,206,11474.10,22,C,2026-06-18
PRD-00895,Ferramentas,210,4,206,11707.50,23,C,2026-06-17
PRD-00896,Fixacao,211,5,206,11942.60,24,C,2026-06-16
PRD-00897,Painel Eletrico,212,6,206,12179.40,25,C,2026-06-15
PRD-00898,Valvulas,213,7,206,12417.90,26,C,2026-06-14
PRD-00899,Acessorios Hidraulicos,214,8,206,12658.10,27,C,2026-06-13
PRD-00900,Cabos e Fios,35,9,26,2100.00,28,C,2026-06-12
PRD-00901,Disjuntores,36,10,26,2190.60,29,C,2026-06-11
PRD-00902,Tomadas e Interruptores,37,0,37,2282.90,30,C,2026-06-10
PRD-00903,Iluminacao LED,38,1,37,2376.90,31,C,2026-06-09
PRD-00904,Conexoes PVC,39,2,37,2472.60,32,C,2026-06-08
PRD-00905,Tubos e Eletrodutos,40,3,37,2570.00,33,C,2026-06-07
PRD-00906,Bombas Hidraulicas,41,4,37,2669.10,34,C,2026-06-06
PRD-00907,Ferramentas,42,5,37,2769.90,35,C,2026-06-05
PRD-00908,Fixacao,43,6,37,2872.40,36,C,2026-06-04
PRD-00909,Painel Eletrico,44,7,37,2976.60,37,C,2026-06-03
PRD-00910,Valvulas,45,8,37,405.00,3,C,2026-07-07
PRD-00911,Acessorios Hidraulicos,46,9,37,453.10,4,C,2026-07-06
PRD-00912,Cabos e Fios,47,10,37,502.90,5,C,2026-07-05
PRD-00913,Disjuntores,48,0,48,554.40,6,C,2026-07-04
PRD-00914,Tomadas e Interruptores,49,1,48,607.60,7,C,2026-07-03
PRD-00915,Iluminacao LED,50,2,48,662.50,8,C,2026-07-02
PRD-00916,Conexoes PVC,51,3,48,719.10,9,C,2026-07-01
PRD-00917,Tubos e Eletrodutos,52,4,48,777.40,10,C,2026-06-30
PRD-00918,Bombas Hidraulicas,53,5,48,837.40,11,C,2026-06-29
PRD-00919,Ferramentas,54,6,48,899.10,12,C,2026-06-28
PRD-00920,Fixacao,55,7,48,962.50,13,C,2026-06-27
PRD-00921,Painel Eletrico,56,8,48,1027.60,14,C,2026-06-26
PRD-00922,Valvulas,57,9,48,1094.40,15,C,2026-06-25
PRD-00923,Acessorios Hidraulicos,58,10,48,1162.90,16,C,2026-06-24
PRD-00924,Cabos e Fios,59,0,59,1233.10,17,C,2026-06-23
PRD-00925,Disjuntores,60,1,59,1305.00,18,C,2026-06-22
PRD-00926,Tomadas e Interruptores,61,2,59,1378.60,19,C,2026-06-21
PRD-00927,Iluminacao LED,62,3,59,1453.90,20,C,2026-06-20
PRD-00928,Conexoes PVC,63,4,59,1530.90,21,C,2026-06-19
PRD-00929,Tubos e Eletrodutos,64,5,59,1609.60,22,C,2026-06-18
PRD-00930,Bombas Hidraulicas,65,6,59,1690.00,23,C,2026-06-17
PRD-00931,Ferramentas,66,7,59,1772.10,24,C,2026-06-16
PRD-00932,Fixacao,67,8,59,1855.90,25,C,2026-06-15
PRD-00933,Painel Eletrico,68,9,59,1941.40,26,C,2026-06-14
PRD-00934,Valvulas,69,10,59,2028.60,27,C,2026-06-13
PRD-00935,Acessorios Hidraulicos,70,0,70,2117.50,28,C,2026-06-12
PRD-00936,Cabos e Fios,71,1,70,2208.10,29,C,2026-06-11
PRD-00937,Disjuntores,72,2,70,2300.40,30,C,2026-06-10
PRD-00938,Tomadas e Interruptores,73,3,70,2394.40,31,C,2026-06-09
PRD-00939,Iluminacao LED,74,4,70,2490.10,32,C,2026-06-08
PRD-00940,Conexoes PVC,75,5,70,2587.50,33,C,2026-06-07
PRD-00941,Tubos e Eletrodutos,76,6,70,2686.60,34,C,2026-06-06
PRD-00942,Bombas Hidraulicas,77,7,70,2787.40,35,C,2026-06-05
PRD-00943,Ferramentas,78,8,70,2889.90,36,C,2026-06-04
PRD-00944,Fixacao,79,9,70,2994.10,37,C,2026-06-03
PRD-00945,Painel Eletrico,80,10,70,3100.00,3,C,2026-07-07
PRD-00946,Valvulas,81,0,81,3207.60,4,C,2026-07-06
PRD-00947,Acessorios Hidraulicos,82,1,81,3316.90,5,C,2026-07-05
PRD-00948,Cabos e Fios,83,2,81,3427.90,6,C,2026-07-04
PRD-00949,Disjuntores,84,3,81,3540.60,7,C,2026-07-03
PRD-00950,Tomadas e Interruptores,85,4,81,3655.00,8,C,2026-07-02
PRD-00951,Iluminacao LED,86,5,81,3771.10,9,C,2026-07-01
PRD-00952,Conexoes PVC,87,6,81,3888.90,10,C,2026-06-30
PRD-00953,Tubos e Eletrodutos,88,7,81,4008.40,11,C,2026-06-29
PRD-00954,Bombas Hidraulicas,89,8,81,4129.60,12,C,2026-06-28
PRD-00955,Ferramentas,90,9,81,4252.50,13,C,2026-06-27
PRD-00956,Fixacao,91,10,81,4377.10,14,C,2026-06-26
PRD-00957,Painel Eletrico,92,0,92,4503.40,15,C,2026-06-25
PRD-00958,Valvulas,93,1,92,4631.40,16,C,2026-06-24
PRD-00959,Acessorios Hidraulicos,94,2,92,4761.10,17,C,2026-06-23
PRD-00960,Cabos e Fios,95,3,92,4892.50,18,C,2026-06-22
PRD-00961,Disjuntores,96,4,92,5025.60,19,C,2026-06-21
PRD-00962,Tomadas e Interruptores,97,5,92,5160.40,20,C,2026-06-20
PRD-00963,Iluminacao LED,98,6,92,5296.90,21,C,2026-06-19
PRD-00964,Conexoes PVC,99,7,92,5435.10,22,C,2026-06-18
PRD-00965,Tubos e Eletrodutos,100,8,92,5575.00,23,C,2026-06-17
PRD-00966,Bombas Hidraulicas,101,9,92,5716.60,24,C,2026-06-16
PRD-00967,Ferramentas,102,10,92,5859.90,25,C,2026-06-15
PRD-00968,Fixacao,103,0,103,6004.90,26,C,2026-06-14
PRD-00969,Painel Eletrico,104,1,103,6151.60,27,C,2026-06-13
PRD-00970,Valvulas,105,2,103,6300.00,28,C,2026-06-12
PRD-00971,Acessorios Hidraulicos,106,3,103,6450.10,29,C,2026-06-11
PRD-00972,Cabos e Fios,107,4,103,6601.90,30,C,2026-06-10
PRD-00973,Disjuntores,108,5,103,6755.40,31,C,2026-06-09
PRD-00974,Tomadas e Interruptores,109,6,103,6910.60,32,C,2026-06-08
PRD-00975,Iluminacao LED,110,7,103,7067.50,33,C,2026-06-07
PRD-00976,Conexoes PVC,111,8,103,7226.10,34,C,2026-06-06
PRD-00977,Tubos e Eletrodutos,112,9,103,7386.40,35,C,2026-06-05
PRD-00978,Bombas Hidraulicas,113,10,103,7548.40,36,C,2026-06-04
PRD-00979,Ferramentas,114,0,114,7712.10,37,C,2026-06-03
PRD-00980,Fixacao,115,1,114,1035.00,3,C,2026-07-07
PRD-00981,Painel Eletrico,116,2,114,1142.60,4,C,2026-07-06
PRD-00982,Valvulas,117,3,114,1251.90,5,C,2026-07-05
PRD-00983,Acessorios Hidraulicos,118,4,114,1362.90,6,C,2026-07-04
PRD-00984,Cabos e Fios,119,5,114,1475.60,7,C,2026-07-03
PRD-00985,Disjuntores,120,6,114,1590.00,8,C,2026-07-02
PRD-00986,Tomadas e Interruptores,121,7,114,1706.10,9,C,2026-07-01
PRD-00987,Iluminacao LED,122,8,114,1823.90,10,C,2026-06-30
PRD-00988,Conexoes PVC,123,9,114,1943.40,11,C,2026-06-29
PRD-00989,Tubos e Eletrodutos,124,10,114,2064.60,12,C,2026-06-28
PRD-00990,Bombas Hidraulicas,125,0,125,2187.50,13,C,2026-06-27
PRD-00991,Ferramentas,126,1,125,2312.10,14,C,2026-06-26
PRD-00992,Fixacao,127,2,125,2438.40,15,C,2026-06-25
PRD-00993,Painel Eletrico,128,3,125,2566.40,16,C,2026-06-24
PRD-00994,Valvulas,129,4,125,2696.10,17,C,2026-06-23
PRD-00995,Acessorios Hidraulicos,130,5,125,2827.50,18,C,2026-06-22
PRD-00996,Cabos e Fios,131,6,125,2960.60,19,C,2026-06-21
PRD-00997,Disjuntores,132,7,125,3095.40,20,C,2026-06-20
PRD-00998,Tomadas e Interruptores,133,8,125,3231.90,21,C,2026-06-19
PRD-00999,Iluminacao LED,134,9,125,3370.10,22,C,2026-06-18
PRD-01000,Conexoes PVC,135,10,125,3510.00,23,C,2026-06-17
PRD-01001,Tubos e Eletrodutos,136,0,136,3651.60,24,C,2026-06-16
PRD-01002,Bombas Hidraulicas,137,1,136,3794.90,25,C,2026-06-15
PRD-01003,Ferramentas,138,2,136,3939.90,26,C,2026-06-14
PRD-01004,Fixacao,139,3,136,4086.60,27,C,2026-06-13
PRD-01005,Painel Eletrico,140,4,136,4235.00,28,C,2026-06-12
PRD-01006,Valvulas,141,5,136,4385.10,29,C,2026-06-11
PRD-01007,Acessorios Hidraulicos,142,6,136,4536.90,30,C,2026-06-10
PRD-01008,Cabos e Fios,143,7,136,4690.40,31,C,2026-06-09
PRD-01009,Disjuntores,144,8,136,4845.60,32,C,2026-06-08
PRD-01010,Tomadas e Interruptores,145,9,136,5002.50,33,C,2026-06-07
PRD-01011,Iluminacao LED,146,10,136,5161.10,34,C,2026-06-06
PRD-01012,Conexoes PVC,147,0,147,5321.40,35,C,2026-06-05
PRD-01013,Tubos e Eletrodutos,148,1,147,5483.40,36,C,2026-06-04
PRD-01014,Bombas Hidraulicas,149,2,147,5647.10,37,C,2026-06-03
PRD-01015,Ferramentas,150,3,147,5812.50,3,C,2026-07-07
PRD-01016,Fixacao,151,4,147,5979.60,4,C,2026-07-06
PRD-01017,Painel Eletrico,152,5,147,6148.40,5,C,2026-07-05
PRD-01018,Valvulas,153,6,147,6318.90,6,C,2026-07-04
PRD-01019,Acessorios Hidraulicos,154,7,147,6491.10,7,C,2026-07-03
PRD-01020,Cabos e Fios,155,8,147,6665.00,8,C,2026-07-02
PRD-01021,Disjuntores,156,9,147,6840.60,9,C,2026-07-01
PRD-01022,Tomadas e Interruptores,157,10,147,7017.90,10,C,2026-06-30
PRD-01023,Iluminacao LED,158,0,158,7196.90,11,C,2026-06-29
PRD-01024,Conexoes PVC,159,1,158,7377.60,12,C,2026-06-28
PRD-01025,Tubos e Eletrodutos,160,2,158,7560.00,13,C,2026-06-27
PRD-01026,Bombas Hidraulicas,161,3,158,7744.10,14,C,2026-06-26
PRD-01027,Ferramentas,162,4,158,7929.90,15,C,2026-06-25
PRD-01028,Fixacao,163,5,158,8117.40,16,C,2026-06-24
PRD-01029,Painel Eletrico,164,6,158,8306.60,17,C,2026-06-23
PRD-01030,Valvulas,165,7,158,8497.50,18,C,2026-06-22
PRD-01031,Acessorios Hidraulicos,166,8,158,8690.10,19,C,2026-06-21
PRD-01032,Cabos e Fios,167,9,158,8884.40,20,C,2026-06-20
PRD-01033,Disjuntores,168,10,158,9080.40,21,C,2026-06-19
PRD-01034,Tomadas e Interruptores,169,0,169,9278.10,22,C,2026-06-18
PRD-01035,Iluminacao LED,170,1,169,9477.50,23,C,2026-06-17
PRD-01036,Conexoes PVC,171,2,169,9678.60,24,C,2026-06-16
PRD-01037,Tubos e Eletrodutos,172,3,169,9881.40,25,C,2026-06-15
PRD-01038,Bombas Hidraulicas,173,4,169,10085.90,26,C,2026-06-14
PRD-01039,Ferramentas,174,5,169,10292.10,27,C,2026-06-13
PRD-01040,Fixacao,175,6,169,10500.00,28,C,2026-06-12
PRD-01041,Painel Eletrico,176,7,169,10709.60,29,C,2026-06-11
PRD-01042,Valvulas,177,8,169,10920.90,30,C,2026-06-10
PRD-01043,Acessorios Hidraulicos,178,9,169,11133.90,31,C,2026-06-09
PRD-01044,Cabos e Fios,179,10,169,11348.60,32,C,2026-06-08
PRD-01045,Disjuntores,180,0,180,11565.00,33,C,2026-06-07
PRD-01046,Tomadas e Interruptores,181,1,180,11783.10,34,C,2026-06-06
PRD-01047,Iluminacao LED,182,2,180,12002.90,35,C,2026-06-05
PRD-01048,Conexoes PVC,183,3,180,12224.40,36,C,2026-06-04
PRD-01049,Tubos e Eletrodutos,184,4,180,12447.60,37,C,2026-06-03
PRD-01050,Bombas Hidraulicas,185,5,180,1665.00,3,C,2026-07-07
PRD-01051,Ferramentas,186,6,180,1832.10,4,C,2026-07-06
PRD-01052,Fixacao,187,7,180,2000.90,5,C,2026-07-05
PRD-01053,Painel Eletrico,188,8,180,2171.40,6,C,2026-07-04
PRD-01054,Valvulas,189,9,180,2343.60,7,C,2026-07-03
PRD-01055,Acessorios Hidraulicos,190,10,180,2517.50,8,C,2026-07-02
PRD-01056,Cabos e Fios,191,0,191,2693.10,9,C,2026-07-01
PRD-01057,Disjuntores,192,1,191,2870.40,10,C,2026-06-30
PRD-01058,Tomadas e Interruptores,193,2,191,3049.40,11,C,2026-06-29
PRD-01059,Iluminacao LED,194,3,191,3230.10,12,C,2026-06-28
PRD-01060,Conexoes PVC,195,4,191,3412.50,13,C,2026-06-27
PRD-01061,Tubos e Eletrodutos,196,5,191,3596.60,14,C,2026-06-26
PRD-01062,Bombas Hidraulicas,197,6,191,3782.40,15,C,2026-06-25
PRD-01063,Ferramentas,198,7,191,3969.90,16,C,2026-06-24
PRD-01064,Fixacao,199,8,191,4159.10,17,C,2026-06-23
PRD-01065,Painel Eletrico,200,9,191,4350.00,18,C,2026-06-22
PRD-01066,Valvulas,201,10,191,4542.60,19,C,2026-06-21
PRD-01067,Acessorios Hidraulicos,202,0,202,4736.90,20,C,2026-06-20
PRD-01068,Cabos e Fios,203,1,202,4932.90,21,C,2026-06-19
PRD-01069,Disjuntores,204,2,202,5130.60,22,C,2026-06-18
PRD-01070,Tomadas e Interruptores,205,3,202,5330.00,23,C,2026-06-17
PRD-01071,Iluminacao LED,206,4,202,5531.10,24,C,2026-06-16
PRD-01072,Conexoes PVC,207,5,202,5733.90,25,C,2026-06-15
PRD-01073,Tubos e Eletrodutos,208,6,202,5938.40,26,C,2026-06-14
PRD-01074,Bombas Hidraulicas,209,7,202,6144.60,27,C,2026-06-13
PRD-01075,Ferramentas,210,8,202,6352.50,28,C,2026-06-12
PRD-01076,Fixacao,211,9,202,6562.10,29,C,2026-06-11
PRD-01077,Painel Eletrico,212,10,202,6773.40,30,C,2026-06-10
PRD-01078,Valvulas,213,0,213,6986.40,31,C,2026-06-09
PRD-01079,Acessorios Hidraulicos,214,1,213,7201.10,32,C,2026-06-08
PRD-01080,Cabos e Fios,35,2,33,1207.50,33,C,2026-06-07
PRD-01081,Disjuntores,36,3,33,1272.60,34,C,2026-06-06
PRD-01082,Tomadas e Interruptores,37,4,33,1339.40,35,C,2026-06-05
PRD-01083,Iluminacao LED,38,5,33,1407.90,36,C,2026-06-04
PRD-01084,Conexoes PVC,39,6,33,1478.10,37,C,2026-06-03
PRD-01085,Tubos e Eletrodutos,40,7,33,1550.00,3,C,2026-07-07
PRD-01086,Bombas Hidraulicas,41,8,33,1623.60,4,C,2026-07-06
PRD-01087,Ferramentas,42,9,33,1698.90,5,C,2026-07-05
PRD-01088,Fixacao,43,10,33,1775.90,6,C,2026-07-04
PRD-01089,Painel Eletrico,44,0,44,1854.60,7,C,2026-07-03
PRD-01090,Valvulas,45,1,44,1935.00,8,C,2026-07-02
PRD-01091,Acessorios Hidraulicos,46,2,44,2017.10,9,C,2026-07-01
PRD-01092,Cabos e Fios,47,3,44,2100.90,10,C,2026-06-30
PRD-01093,Disjuntores,48,4,44,2186.40,11,C,2026-06-29
PRD-01094,Tomadas e Interruptores,49,5,44,2273.60,12,C,2026-06-28
PRD-01095,Iluminacao LED,50,6,44,2362.50,13,C,2026-06-27
PRD-01096,Conexoes PVC,51,7,44,2453.10,14,C,2026-06-26
PRD-01097,Tubos e Eletrodutos,52,8,44,2545.40,15,C,2026-06-25
PRD-01098,Bombas Hidraulicas,53,9,44,2639.40,16,C,2026-06-24
PRD-01099,Ferramentas,54,10,44,2735.10,17,C,2026-06-23
PRD-01100,Fixacao,55,0,55,2832.50,18,C,2026-06-22
PRD-01101,Painel Eletrico,56,1,55,2931.60,19,C,2026-06-21
PRD-01102,Valvulas,57,2,55,3032.40,20,C,2026-06-20
PRD-01103,Acessorios Hidraulicos,58,3,55,3134.90,21,C,2026-06-19
PRD-01104,Cabos e Fios,59,4,55,3239.10,22,C,2026-06-18
PRD-01105,Disjuntores,60,5,55,3345.00,23,C,2026-06-17
PRD-01106,Tomadas e Interruptores,61,6,55,3452.60,24,C,2026-06-16
PRD-01107,Iluminacao LED,62,7,55,3561.90,25,C,2026-06-15
PRD-01108,Conexoes PVC,63,8,55,3672.90,26,C,2026-06-14
PRD-01109,Tubos e Eletrodutos,64,9,55,3785.60,27,C,2026-06-13
PRD-01110,Bombas Hidraulicas,65,10,55,3900.00,28,C,2026-06-12
PRD-01111,Ferramentas,66,0,66,4016.10,29,C,2026-06-11
PRD-01112,Fixacao,67,1,66,4133.90,30,C,2026-06-10
PRD-01113,Painel Eletrico,68,2,66,4253.40,31,C,2026-06-09
PRD-01114,Valvulas,69,3,66,4374.60,32,C,2026-06-08
PRD-01115,Acessorios Hidraulicos,70,4,66,4497.50,33,C,2026-06-07
PRD-01116,Cabos e Fios,71,5,66,4622.10,34,C,2026-06-06
PRD-01117,Disjuntores,72,6,66,4748.40,35,C,2026-06-05
PRD-01118,Tomadas e Interruptores,73,7,66,4876.40,36,C,2026-06-04
PRD-01119,Iluminacao LED,74,8,66,5006.10,37,C,2026-06-03
PRD-01120,Conexoes PVC,75,9,66,675.00,3,C,2026-07-07
PRD-01121,Tubos e Eletrodutos,76,10,66,748.60,4,C,2026-07-06
PRD-01122,Bombas Hidraulicas,77,0,77,823.90,5,C,2026-07-05
PRD-01123,Ferramentas,78,1,77,900.90,6,C,2026-07-04
PRD-01124,Fixacao,79,2,77,979.60,7,C,2026-07-03
PRD-01125,Painel Eletrico,80,3,77,1060.00,8,C,2026-07-02
PRD-01126,Valvulas,81,4,77,1142.10,9,C,2026-07-01
PRD-01127,Acessorios Hidraulicos,82,5,77,1225.90,10,C,2026-06-30
PRD-01128,Cabos e Fios,83,6,77,1311.40,11,C,2026-06-29
PRD-01129,Disjuntores,84,7,77,1398.60,12,C,2026-06-28
PRD-01130,Tomadas e Interruptores,85,8,77,1487.50,13,C,2026-06-27
PRD-01131,Iluminacao LED,86,9,77,1578.10,14,C,2026-06-26
PRD-01132,Conexoes PVC,87,10,77,1670.40,15,C,2026-06-25
PRD-01133,Tubos e Eletrodutos,88,0,88,1764.40,16,C,2026-06-24
PRD-01134,Bombas Hidraulicas,89,1,88,1860.10,17,C,2026-06-23
PRD-01135,Ferramentas,90,2,88,1957.50,18,C,2026-06-22
PRD-01136,Fixacao,91,3,88,2056.60,19,C,2026-06-21
PRD-01137,Painel Eletrico,92,4,88,2157.40,20,C,2026-06-20
PRD-01138,Valvulas,93,5,88,2259.90,21,C,2026-06-19
PRD-01139,Acessorios Hidraulicos,94,6,88,2364.10,22,C,2026-06-18
PRD-01140,Cabos e Fios,95,7,88,2470.00,23,C,2026-06-17
PRD-01141,Disjuntores,96,8,88,2577.60,24,C,2026-06-16
PRD-01142,Tomadas e Interruptores,97,9,88,2686.90,25,C,2026-06-15
PRD-01143,Iluminacao LED,98,10,88,2797.90,26,C,2026-06-14
PRD-01144,Conexoes PVC,99,0,99,2910.60,27,C,2026-06-13
PRD-01145,Tubos e Eletrodutos,100,1,99,3025.00,28,C,2026-06-12
PRD-01146,Bombas Hidraulicas,101,2,99,3141.10,29,C,2026-06-11
PRD-01147,Ferramentas,102,3,99,3258.90,30,C,2026-06-10
PRD-01148,Fixacao,103,4,99,3378.40,31,C,2026-06-09
PRD-01149,Painel Eletrico,104,5,99,3499.60,32,C,2026-06-08
PRD-01150,Valvulas,105,6,99,3622.50,33,C,2026-06-07
PRD-01151,Acessorios Hidraulicos,106,7,99,3747.10,34,C,2026-06-06
PRD-01152,Cabos e Fios,107,8,99,3873.40,35,C,2026-06-05
PRD-01153,Disjuntores,108,9,99,4001.40,36,C,2026-06-04
PRD-01154,Tomadas e Interruptores,109,10,99,4131.10,37,C,2026-06-03
PRD-01155,Iluminacao LED,110,0,110,4262.50,3,C,2026-07-07
PRD-01156,Conexoes PVC,111,1,110,4395.60,4,C,2026-07-06
PRD-01157,Tubos e Eletrodutos,112,2,110,4530.40,5,C,2026-07-05
PRD-01158,Bombas Hidraulicas,113,3,110,4666.90,6,C,2026-07-04
PRD-01159,Ferramentas,114,4,110,4805.10,7,C,2026-07-03
PRD-01160,Fixacao,115,5,110,4945.00,8,C,2026-07-02
PRD-01161,Painel Eletrico,116,6,110,5086.60,9,C,2026-07-01
PRD-01162,Valvulas,117,7,110,5229.90,10,C,2026-06-30
PRD-01163,Acessorios Hidraulicos,118,8,110,5374.90,11,C,2026-06-29
PRD-01164,Cabos e Fios,119,9,110,5521.60,12,C,2026-06-28
PRD-01165,Disjuntores,120,10,110,5670.00,13,C,2026-06-27
PRD-01166,Tomadas e Interruptores,121,0,121,5820.10,14,C,2026-06-26
PRD-01167,Iluminacao LED,122,1,121,5971.90,15,C,2026-06-25
PRD-01168,Conexoes PVC,123,2,121,6125.40,16,C,2026-06-24
PRD-01169,Tubos e Eletrodutos,124,3,121,6280.60,17,C,2026-06-23
PRD-01170,Bombas Hidraulicas,125,4,121,6437.50,18,C,2026-06-22
PRD-01171,Ferramentas,126,5,121,6596.10,19,C,2026-06-21
PRD-01172,Fixacao,127,6,121,6756.40,20,C,2026-06-20
PRD-01173,Painel Eletrico,128,7,121,6918.40,21,C,2026-06-19
PRD-01174,Valvulas,129,8,121,7082.10,22,C,2026-06-18
PRD-01175,Acessorios Hidraulicos,130,9,121,7247.50,23,C,2026-06-17
PRD-01176,Cabos e Fios,131,10,121,7414.60,24,C,2026-06-16
PRD-01177,Disjuntores,132,0,132,7583.40,25,C,2026-06-15
PRD-01178,Tomadas e Interruptores,133,1,132,7753.90,26,C,2026-06-14
PRD-01179,Iluminacao LED,134,2,132,7926.10,27,C,2026-06-13
PRD-01180,Conexoes PVC,135,3,132,8100.00,28,C,2026-06-12
PRD-01181,Tubos e Eletrodutos,136,4,132,8275.60,29,C,2026-06-11
PRD-01182,Bombas Hidraulicas,137,5,132,8452.90,30,C,2026-06-10
PRD-01183,Ferramentas,138,6,132,8631.90,31,C,2026-06-09
PRD-01184,Fixacao,139,7,132,8812.60,32,C,2026-06-08
PRD-01185,Painel Eletrico,140,8,132,8995.00,33,C,2026-06-07
PRD-01186,Valvulas,141,9,132,9179.10,34,C,2026-06-06
PRD-01187,Acessorios Hidraulicos,142,10,132,9364.90,35,C,2026-06-05
PRD-01188,Cabos e Fios,143,0,143,9552.40,36,C,2026-06-04
PRD-01189,Disjuntores,144,1,143,9741.60,37,C,2026-06-03
PRD-01190,Tomadas e Interruptores,145,2,143,1305.00,3,C,2026-07-07
PRD-01191,Iluminacao LED,146,3,143,1438.10,4,C,2026-07-06
PRD-01192,Conexoes PVC,147,4,143,1572.90,5,C,2026-07-05
PRD-01193,Tubos e Eletrodutos,148,5,143,1709.40,6,C,2026-07-04
PRD-01194,Bombas Hidraulicas,149,6,143,1847.60,7,C,2026-07-03
PRD-01195,Ferramentas,150,7,143,1987.50,8,C,2026-07-02
PRD-01196,Fixacao,151,8,143,2129.10,9,C,2026-07-01
PRD-01197,Painel Eletrico,152,9,143,2272.40,10,C,2026-06-30
PRD-01198,Valvulas,153,10,143,2417.40,11,C,2026-06-29
PRD-01199,Acessorios Hidraulicos,154,0,154,2564.10,12,C,2026-06-28
PRD-01200,Cabos e Fios,155,1,154,2712.50,13,C,2026-06-27
PRD-01201,Disjuntores,156,2,154,2862.60,14,C,2026-06-26
PRD-01202,Tomadas e Interruptores,157,3,154,3014.40,15,C,2026-06-25
PRD-01203,Iluminacao LED,158,4,154,3167.90,16,C,2026-06-24
PRD-01204,Conexoes PVC,159,5,154,3323.10,17,C,2026-06-23
PRD-01205,Tubos e Eletrodutos,160,6,154,3480.00,18,C,2026-06-22
PRD-01206,Bombas Hidraulicas,161,7,154,3638.60,19,C,2026-06-21
PRD-01207,Ferramentas,162,8,154,3798.90,20,C,2026-06-20
PRD-01208,Fixacao,163,9,154,3960.90,21,C,2026-06-19
PRD-01209,Painel Eletrico,164,10,154,4124.60,22,C,2026-06-18
PRD-01210,Valvulas,165,0,165,4290.00,23,C,2026-06-17
PRD-01211,Acessorios Hidraulicos,306,1,305,8216.10,221,C,2025-12-01
PRD-01212,Cabos e Fios,307,2,305,8503.90,222,C,2025-11-30
PRD-01213,Disjuntores,308,3,305,8793.40,223,C,2025-11-29
PRD-01214,Tomadas e Interruptores,309,4,305,9084.60,224,C,2025-11-28
PRD-01215,Iluminacao LED,310,5,305,9377.50,225,C,2025-11-27
PRD-01216,Conexoes PVC,311,6,305,9672.10,226,C,2025-11-26
PRD-01217,Tubos e Eletrodutos,312,7,305,9968.40,227,C,2025-11-25
PRD-01218,Bombas Hidraulicas,313,8,305,10266.40,228,C,2025-11-24
PRD-01219,Ferramentas,314,9,305,10566.10,229,C,2025-11-23
PRD-01220,Fixacao,315,10,305,10867.50,230,C,2025-11-22
PRD-01221,Painel Eletrico,316,0,316,11170.60,231,C,2025-11-21
PRD-01222,Valvulas,317,1,316,11475.40,232,C,2025-11-20
PRD-01223,Acessorios Hidraulicos,318,2,316,11781.90,233,C,2025-11-19
PRD-01224,Cabos e Fios,319,3,316,12090.10,234,C,2025-11-18
PRD-01225,Disjuntores,320,4,316,12400.00,235,C,2025-11-17
PRD-01226,Tomadas e Interruptores,321,5,316,12711.60,236,C,2025-11-16
PRD-01227,Iluminacao LED,322,6,316,13024.90,237,C,2025-11-15
PRD-01228,Conexoes PVC,323,7,316,13339.90,238,C,2025-11-14
PRD-01229,Tubos e Eletrodutos,324,8,316,13656.60,239,C,2025-11-13
PRD-01230,Bombas Hidraulicas,325,9,316,13975.00,240,C,2025-11-12
PRD-01231,Ferramentas,326,10,316,14295.10,241,C,2025-11-11
PRD-01232,Fixacao,327,0,327,14616.90,242,C,2025-11-10
PRD-01233,Painel Eletrico,328,1,327,14940.40,243,C,2025-11-09
PRD-01234,Valvulas,329,2,327,15265.60,244,C,2025-11-08
PRD-01235,Acessorios Hidraulicos,330,3,327,15592.50,245,C,2025-11-07
PRD-01236,Cabos e Fios,331,4,327,15921.10,246,C,2025-11-06
PRD-01237,Disjuntores,332,5,327,16251.40,247,C,2025-11-05
PRD-01238,Tomadas e Interruptores,333,6,327,16583.40,248,C,2025-11-04
PRD-01239,Iluminacao LED,334,7,327,16917.10,249,C,2025-11-03
PRD-01240,Conexoes PVC,335,8,327,17252.50,250,C,2025-11-02
PRD-01241,Tubos e Eletrodutos,336,9,327,17589.60,251,C,2025-11-01
PRD-01242,Bombas Hidraulicas,337,10,327,17928.40,252,C,2025-10-31
PRD-01243,Ferramentas,338,0,338,18268.90,253,C,2025-10-30
PRD-01244,Fixacao,339,1,338,18611.10,254,C,2025-10-29
PRD-01245,Painel Eletrico,340,2,338,18955.00,255,C,2025-10-28
PRD-01246,Valvulas,341,3,338,19300.60,256,C,2025-10-27
PRD-01247,Acessorios Hidraulicos,342,4,338,19647.90,257,C,2025-10-26
PRD-01248,Cabos e Fios,343,5,338,19996.90,258,C,2025-10-25
PRD-01249,Disjuntores,344,6,338,20347.60,259,C,2025-10-24
PRD-01250,Tomadas e Interruptores,345,7,338,20700.00,260,C,2025-10-23
PRD-01251,Iluminacao LED,346,8,338,21054.10,261,C,2025-10-22
PRD-01252,Conexoes PVC,347,9,338,21409.90,262,C,2025-10-21
PRD-01253,Tubos e Eletrodutos,348,10,338,21767.40,263,C,2025-10-20
PRD-01254,Bombas Hidraulicas,349,0,349,22126.60,264,C,2025-10-19
PRD-01255,Ferramentas,350,1,349,22487.50,265,C,2025-10-18
PRD-01256,Fixacao,351,2,349,22850.10,266,C,2025-10-17
PRD-01257,Painel Eletrico,352,3,349,23214.40,267,C,2025-10-16
PRD-01258,Valvulas,353,4,349,23580.40,268,C,2025-10-15
PRD-01259,Acessorios Hidraulicos,354,5,349,23948.10,269,C,2025-10-14
PRD-01260,Cabos e Fios,175,6,169,1575.00,180,C,2026-01-11
PRD-01261,Disjuntores,176,7,169,1733.60,181,C,2026-01-10
PRD-01262,Tomadas e Interruptores,177,8,169,1893.90,182,C,2026-01-09
PRD-01263,Iluminacao LED,178,9,169,2055.90,183,C,2026-01-08
PRD-01264,Conexoes PVC,179,10,169,2219.60,184,C,2026-01-07
PRD-01265,Tubos e Eletrodutos,180,0,180,2385.00,185,C,2026-01-06
PRD-01266,Bombas Hidraulicas,181,1,180,2552.10,186,C,2026-01-05
PRD-01267,Ferramentas,182,2,180,2720.90,187,C,2026-01-04
PRD-01268,Fixacao,183,3,180,2891.40,188,C,2026-01-03
PRD-01269,Painel Eletrico,184,4,180,3063.60,189,C,2026-01-02
PRD-01270,Valvulas,185,5,180,3237.50,190,C,2026-01-01
PRD-01271,Acessorios Hidraulicos,186,6,180,3413.10,191,C,2025-12-31
PRD-01272,Cabos e Fios,187,7,180,3590.40,192,C,2025-12-30
PRD-01273,Disjuntores,188,8,180,3769.40,193,C,2025-12-29
PRD-01274,Tomadas e Interruptores,189,9,180,3950.10,194,C,2025-12-28
PRD-01275,Iluminacao LED,190,10,180,4132.50,195,C,2025-12-27
PRD-01276,Conexoes PVC,191,0,191,4316.60,196,C,2025-12-26
PRD-01277,Tubos e Eletrodutos,192,1,191,4502.40,197,C,2025-12-25
PRD-01278,Bombas Hidraulicas,193,2,191,4689.90,198,C,2025-12-24
PRD-01279,Ferramentas,194,3,191,4879.10,199,C,2025-12-23
PRD-01280,Fixacao,195,4,191,5070.00,200,C,2025-12-22
PRD-01281,Painel Eletrico,196,5,191,5262.60,201,C,2025-12-21
PRD-01282,Valvulas,197,6,191,5456.90,202,C,2025-12-20
PRD-01283,Acessorios Hidraulicos,198,7,191,5652.90,203,C,2025-12-19
PRD-01284,Cabos e Fios,199,8,191,5850.60,204,C,2025-12-18
PRD-01285,Disjuntores,200,9,191,6050.00,205,C,2025-12-17
PRD-01286,Tomadas e Interruptores,201,10,191,6251.10,206,C,2025-12-16
PRD-01287,Iluminacao LED,202,0,202,6453.90,207,C,2025-12-15
PRD-01288,Conexoes PVC,203,1,202,6658.40,208,C,2025-12-14
PRD-01289,Tubos e Eletrodutos,204,2,202,6864.60,209,C,2025-12-13
PRD-01290,Bombas Hidraulicas,205,3,202,7072.50,210,C,2025-12-12
PRD-01291,Ferramentas,206,4,202,7282.10,211,C,2025-12-11
PRD-01292,Fixacao,207,5,202,7493.40,212,C,2025-12-10
PRD-01293,Painel Eletrico,208,6,202,7706.40,213,C,2025-12-09
PRD-01294,Valvulas,209,7,202,7921.10,214,C,2025-12-08
PRD-01295,Acessorios Hidraulicos,210,8,202,8137.50,215,C,2025-12-07
PRD-01296,Cabos e Fios,211,9,202,8355.60,216,C,2025-12-06
PRD-01297,Disjuntores,212,10,202,8575.40,217,C,2025-12-05
PRD-01298,Tomadas e Interruptores,213,0,213,8796.90,218,C,2025-12-04
PRD-01299,Iluminacao LED,214,1,213,9020.10,219,C,2025-12-03
PRD-01300,Conexoes PVC,215,2,213,9245.00,220,C,2025-12-02
PRD-01301,Tubos e Eletrodutos,216,3,213,9471.60,221,C,2025-12-01
PRD-01302,Bombas Hidraulicas,217,4,213,9699.90,222,C,2025-11-30
PRD-01303,Ferramentas,218,5,213,9929.90,223,C,2025-11-29
PRD-01304,Fixacao,219,6,213,10161.60,224,C,2025-11-28
PRD-01305,Painel Eletrico,220,7,213,10395.00,225,C,2025-11-27
PRD-01306,Valvulas,221,8,213,10630.10,226,C,2025-11-26
PRD-01307,Acessorios Hidraulicos,222,9,213,10866.90,227,C,2025-11-25
PRD-01308,Cabos e Fios,223,10,213,11105.40,228,C,2025-11-24
PRD-01309,Disjuntores,224,0,224,11345.60,229,C,2025-11-23
PRD-01310,Tomadas e Interruptores,225,1,224,11587.50,230,C,2025-11-22
PRD-01311,Iluminacao LED,226,2,224,11831.10,231,C,2025-11-21
PRD-01312,Conexoes PVC,227,3,224,12076.40,232,C,2025-11-20
PRD-01313,Tubos e Eletrodutos,228,4,224,12323.40,233,C,2025-11-19
PRD-01314,Bombas Hidraulicas,229,5,224,12572.10,234,C,2025-11-18
PRD-01315,Ferramentas,230,6,224,12822.50,235,C,2025-11-17
PRD-01316,Fixacao,231,7,224,13074.60,236,C,2025-11-16
PRD-01317,Painel Eletrico,232,8,224,13328.40,237,C,2025-11-15
PRD-01318,Valvulas,233,9,224,13583.90,238,C,2025-11-14
PRD-01319,Acessorios Hidraulicos,234,10,224,13841.10,239,C,2025-11-13
PRD-01320,Cabos e Fios,235,0,235,14100.00,240,C,2025-11-12
PRD-01321,Disjuntores,236,1,235,14360.60,241,C,2025-11-11
PRD-01322,Tomadas e Interruptores,237,2,235,14622.90,242,C,2025-11-10
PRD-01323,Iluminacao LED,238,3,235,14886.90,243,C,2025-11-09
PRD-01324,Conexoes PVC,239,4,235,15152.60,244,C,2025-11-08
PRD-01325,Tubos e Eletrodutos,240,5,235,15420.00,245,C,2025-11-07
PRD-01326,Bombas Hidraulicas,241,6,235,15689.10,246,C,2025-11-06
PRD-01327,Ferramentas,242,7,235,15959.90,247,C,2025-11-05
PRD-01328,Fixacao,243,8,235,16232.40,248,C,2025-11-04
PRD-01329,Painel Eletrico,244,9,235,16506.60,249,C,2025-11-03
PRD-01330,Valvulas,245,10,235,2205.00,250,C,2025-11-02
PRD-01331,Acessorios Hidraulicos,246,0,246,2423.10,251,C,2025-11-01
PRD-01332,Cabos e Fios,247,1,246,2642.90,252,C,2025-10-31
PRD-01333,Disjuntores,248,2,246,2864.40,253,C,2025-10-30
PRD-01334,Tomadas e Interruptores,249,3,246,3087.60,254,C,2025-10-29
PRD-01335,Iluminacao LED,250,4,246,3312.50,255,C,2025-10-28
PRD-01336,Conexoes PVC,251,5,246,3539.10,256,C,2025-10-27
PRD-01337,Tubos e Eletrodutos,252,6,246,3767.40,257,C,2025-10-26
PRD-01338,Bombas Hidraulicas,253,7,246,3997.40,258,C,2025-10-25
PRD-01339,Ferramentas,254,8,246,4229.10,259,C,2025-10-24
PRD-01340,Fixacao,255,9,246,4462.50,260,C,2025-10-23
PRD-01341,Painel Eletrico,256,10,246,4697.60,261,C,2025-10-22
PRD-01342,Valvulas,257,0,257,4934.40,262,C,2025-10-21
PRD-01343,Acessorios Hidraulicos,258,1,257,5172.90,263,C,2025-10-20
PRD-01344,Cabos e Fios,259,2,257,5413.10,264,C,2025-10-19
PRD-01345,Disjuntores,260,3,257,5655.00,265,C,2025-10-18
PRD-01346,Tomadas e Interruptores,261,4,257,5898.60,266,C,2025-10-17
PRD-01347,Iluminacao LED,262,5,257,6143.90,267,C,2025-10-16
PRD-01348,Conexoes PVC,263,6,257,6390.90,268,C,2025-10-15
PRD-01349,Tubos e Eletrodutos,264,7,257,6639.60,269,C,2025-10-14
PRD-01350,Bombas Hidraulicas,265,8,257,6890.00,180,C,2026-01-11
